Subset;10;9;8;7;6;5;4;3;2;1
n;2976;2678;2381;2083;1786;1488;1190;893;595;298
Best Case;1;1;1;1;1;1;1;1;1;1
Worst Case;59;53;55;53;49;43;45;41;39;35
Average Case;28,40188172;27,5862584;27,2402352;27,06337014;25,924972;24,73790323;24,01008403;22,65733483;20,43193277;18,5704698
;Column1;Column2;Column3;Column4;Column5;Column6;Column7;Column8;Column9;Column10
;1;1;1;1;1;1;1;1;1;1
;3;3;3;3;3;3;3;3;3;3
;5;5;5;5;5;5;5;5;5;5
;7;7;7;5;5;7;5;7;5;7
;5;9;7;7;7;7;7;9;7;9
;9;3;5;7;7;9;9;5;9;3
;11;11;7;9;9;9;7;3;9;5
;11;13;9;11;7;11;11;7;11;9
;9;13;3;13;9;11;7;11;13;7
;7;11;5;15;11;13;9;5;11;7
;13;5;11;13;9;15;9;13;15;7
;15;13;7;7;7;13;9;9;11;11
;17;5;9;9;13;3;11;15;15;5
;19;7;9;17;9;11;11;11;7;9
;19;7;5;9;15;17;11;7;3;11
;9;7;11;7;17;13;7;11;9;9
;9;7;11;15;9;5;9;13;13;7
;11;9;9;11;11;5;13;7;5;11
;13;9;13;19;11;11;11;11;5;9
;11;7;11;11;9;13;13;9;17;11
;11;9;11;3;17;9;11;13;7;9
;11;15;11;11;13;13;13;15;9;11
;13;11;7;9;19;7;15;17;13;13
;15;15;9;13;11;15;17;7;7;9
;21;9;13;11;11;5;15;19;13;11
;13;15;7;13;13;15;13;9;11;11
;13;11;15;5;13;7;9;9;7;15
;23;9;9;15;13;7;19;17;9;17
;3;17;13;21;13;15;11;19;9;11
;17;13;13;15;15;7;9;11;11;13
;11;11;13;19;19;17;13;13;9;15
;13;9;9;13;11;7;13;5;7;13
;21;17;17;15;17;15;15;9;15;17
;7;15;13;21;19;17;17;21;15;13
;15;5;11;17;15;9;17;15;13;11
;17;13;13;15;15;17;17;19;17;13
;23;9;17;9;17;9;19;13;17;11
;21;13;19;17;11;19;11;21;15;11
;13;11;15;13;17;17;13;11;17;13
;23;17;15;11;13;21;13;15;9;15
;25;19;13;23;17;9;15;15;13;19
;15;15;9;19;15;9;21;9;15;13
;19;9;11;15;15;9;13;17;17;13
;19;11;13;13;19;11;13;13;9;9
;25;11;9;5;21;19;17;17;11;19
;13;17;17;7;23;15;3;23;11;13
;13;13;19;13;17;17;21;21;19;13
;19;15;15;23;9;19;15;23;11;21
;21;11;13;17;13;17;15;17;13;15
;17;19;17;17;19;13;17;21;17;19
;15;9;19;17;25;19;15;11;19;13
;21;11;19;17;21;15;17;19;19;15
;15;13;13;21;23;13;9;15;7;23
;15;11;17;9;19;15;15;23;15;21
;17;21;15;9;17;11;15;23;21;23
;15;15;15;13;21;19;21;19;21;17
;27;13;15;11;15;15;13;17;13;7
;21;19;13;15;11;21;13;25;13;13
;23;21;11;21;21;21;19;25;21;15
;23;23;9;17;15;9;17;13;13;17
;15;21;11;11;15;13;15;15;15;11
;19;19;13;13;17;11;15;17;11;15
;27;13;7;11;17;17;19;11;15;13
;23;19;21;13;21;15;19;15;15;25
;15;17;13;17;13;23;11;21;19;17
;15;13;15;9;23;11;15;7;11;15
;9;19;15;23;13;17;23;19;19;15
;27;13;17;19;25;11;5;19;19;19
;21;15;9;25;15;21;17;13;21;19
;15;17;15;11;23;23;19;17;15;21
;29;21;13;21;19;17;13;11;17;19
;17;19;15;19;19;19;23;17;19;25
;17;9;11;13;25;17;13;15;13;25
;31;11;15;11;3;21;15;15;11;13
;13;23;17;19;17;9;25;9;23;21
;5;15;13;19;21;21;19;13;15;11
;29;15;19;15;21;25;15;19;15;21
;21;25;23;17;27;17;21;19;11;15
;17;17;19;27;11;13;21;15;17;13
;11;25;15;15;13;19;17;15;25;27
;25;21;17;15;21;17;15;17;21;17
;29;15;15;13;17;13;19;23;15;29
;15;11;9;9;25;19;11;21;19;13
;31;21;11;19;23;13;13;17;19;15
;9;11;15;13;27;15;17;23;11;17
;31;11;11;19;27;17;21;25;13;15
;33;27;15;19;25;21;23;21;19;21
;23;15;21;21;27;21;21;17;27;15
;11;17;17;13;23;23;15;19;21;13
;17;17;17;15;29;19;15;13;15;19
;23;15;13;15;29;17;17;13;23;15
;21;11;15;15;31;23;17;21;15;19
;27;19;17;17;15;23;17;13;19;15
;23;17;11;15;23;19;11;15;15;15
;13;15;23;19;17;7;21;15;23;9
;17;23;13;25;23;11;23;19;27;9
;19;11;17;21;25;23;5;21;17;21
;17;13;17;27;21;13;17;25;17;13
;11;19;17;17;19;11;17;15;13;17
;23;13;19;19;33;17;19;19;17;17
;11;17;13;21;19;25;13;19;17;23
;25;9;21;21;21;19;17;9;21;31
;19;17;17;19;19;25;17;9;21;11
;19;25;9;29;11;13;23;13;17;15
;13;19;19;11;21;21;7;21;21;11
;19;13;19;13;5;19;17;25;17;17
;17;11;11;21;17;19;25;23;19;21
;25;13;19;19;27;15;13;27;9;21
;27;29;19;23;11;21;7;27;19;17
;31;15;15;21;27;25;19;21;19;23
;29;15;15;17;29;27;25;19;17;25
;23;17;23;21;31;27;25;17;17;13
;31;15;19;7;25;27;17;19;17;17
;25;27;15;17;29;23;15;9;17;13
;27;19;25;21;19;13;21;23;15;19
;31;23;17;9;21;23;19;21;17;33
;17;17;11;17;15;19;19;19;19;19
;13;13;13;23;23;15;27;15;23;11
;23;17;25;17;21;25;25;25;11;15
;25;13;11;15;17;9;15;25;17;23
;33;25;15;17;13;25;9;27;13;19
;27;23;17;23;27;21;19;17;19;17
;25;15;19;21;29;23;25;19;21;13
;29;15;21;25;29;27;19;21;19;21
;21;19;17;19;27;19;15;21;17;21
;15;17;15;23;23;21;27;23;21;19
;27;15;15;23;29;11;23;29;19;13
;13;15;27;19;23;13;11;21;17;17
;19;15;21;19;23;21;19;19;21;15
;25;17;19;31;17;15;21;15;19;13
;27;17;19;25;31;29;21;19;13;19
;29;27;19;21;31;15;21;23;19;25
;25;19;13;13;25;29;17;13;21;15
;27;17;9;23;31;23;23;23;21;15
;19;19;23;15;27;19;19;15;11;9
;25;19;13;15;19;11;21;23;15;25
;25;7;19;19;29;9;9;17;19;15
;17;17;15;33;19;17;19;21;21;21
;21;21;19;15;17;17;27;15;23;17
;33;21;23;21;25;19;23;23;21;15
;29;27;21;23;25;25;15;25;21;11
;19;13;19;11;19;13;21;27;17;23
;21;29;17;13;23;21;23;17;19;23
;25;17;25;15;15;17;25;11;17;29
;29;13;15;13;29;21;19;27;21;17
;21;17;15;17;25;11;23;23;23;27
;33;29;21;21;15;19;19;29;19;21
;17;13;17;21;19;23;19;27;21;17
;27;29;19;23;29;27;13;17;21;21
;35;13;25;23;19;21;25;23;13;21
;35;11;27;25;23;27;21;25;23;21
;21;13;23;17;25;27;15;25;17;27
;31;21;17;21;21;17;27;25;19;27
;15;17;17;23;19;19;11;11;23;5
;19;15;15;25;25;21;15;7;15;17
;21;19;17;19;27;25;17;23;23;29
;27;9;15;23;15;29;19;17;19;35
;19;25;21;19;29;13;15;27;25;15
;23;13;19;25;19;19;17;25;21;13
;19;21;19;27;31;19;17;17;13;19
;17;29;19;13;19;19;19;15;9;21
;23;17;21;21;25;21;13;23;17;19
;7;17;15;29;25;27;17;19;15;19
;35;21;21;25;17;23;27;19;11;17
;33;17;21;15;21;29;29;25;9;15
;19;25;15;21;23;27;29;27;23;13
;27;13;21;21;27;13;23;21;7;23
;23;17;15;15;33;15;17;15;19;13
;9;19;13;25;17;25;17;11;17;27
;31;17;17;23;23;23;21;27;19;15
;29;19;17;21;15;19;21;23;9;25
;7;17;17;25;35;19;25;21;21;17
;15;21;19;25;15;23;19;21;11;23
;29;15;23;25;25;21;15;19;25;19
;19;13;25;17;21;21;17;19;21;21
;23;19;21;31;19;17;17;11;21;23
;19;19;19;27;15;25;19;27;15;25
;19;19;19;23;21;15;25;23;23;27
;23;19;17;21;27;19;23;19;21;31
;21;15;21;19;11;25;27;19;15;17
;17;13;23;17;19;15;23;25;23;23
;15;13;17;21;19;11;13;11;23;13
;19;15;15;25;23;15;27;21;21;19
;21;23;23;13;19;31;17;25;11;17
;21;19;7;17;27;15;7;21;21;17
;21;21;19;15;29;31;17;21;29;15
;31;27;17;17;21;29;25;21;11;19
;19;21;23;23;17;15;11;15;19;31
;19;21;17;23;29;29;17;19;23;21
;19;15;23;23;17;29;27;21;23;17
;25;19;23;23;21;17;19;27;19;25
;17;31;23;23;27;27;19;21;19;21
;37;25;15;17;17;27;21;25;25;17
;9;17;23;19;29;13;13;23;13;15
;13;13;27;19;31;23;29;17;19;27
;27;15;25;21;29;27;15;23;9;21
;27;21;21;21;21;21;29;13;21;23
;29;21;27;11;23;29;27;17;29;17
;25;17;13;25;17;13;21;13;17;23
;21;17;19;21;21;19;27;17;25;19
;21;23;13;23;27;23;13;23;23;29
;29;17;17;21;31;33;23;25;17;21
;17;17;21;15;29;29;9;21;13;23
;13;31;27;25;27;21;21;23;21;19
;25;23;15;25;25;23;23;29;23;23
;13;29;17;27;35;21;25;15;17;11
;21;25;11;11;27;27;23;11;23;25
;19;19;23;33;29;21;25;31;27;15
;21;21;27;21;23;21;29;13;19;21
;29;23;29;25;25;15;21;21;19;27
;17;17;23;23;23;23;17;21;27;17
;27;15;19;19;25;25;21;23;25;15
;33;17;17;27;33;29;25;17;11;27
;33;21;13;11;19;25;21;19;25;29
;31;33;21;19;13;13;23;21;19;19
;23;21;23;21;33;25;17;23;21;27
;15;13;23;23;17;23;27;27;23;23
;27;23;21;17;21;19;31;25;13;23
;33;25;11;27;19;31;15;21;23;25
;33;15;25;25;23;21;15;21;23;13
;27;19;15;19;19;15;25;27;21;31
;27;21;21;23;31;21;27;29;21;13
;23;31;23;19;27;23;19;13;25;19
;29;27;15;15;21;23;27;29;23;29
;21;15;17;25;29;23;23;21;29;21
;27;25;21;27;31;15;29;19;27;19
;25;19;17;23;25;21;23;11;21;25
;31;15;17;27;23;31;11;27;13;25
;23;23;11;27;21;19;19;27;23;19
;23;15;21;7;19;23;15;27;23;29
;5;11;17;23;33;19;23;23;13;15
;21;27;25;25;19;13;27;19;23;17
;25;21;17;27;35;25;17;29;23;27
;21;23;21;21;19;19;23;29;25;23
;13;19;25;25;31;15;23;23;15;27
;33;27;17;33;21;19;19;21;27;15
;11;15;15;27;21;23;17;23;15;17
;15;21;25;21;25;23;21;25;11;15
;35;19;19;33;23;21;17;29;23;19
;21;19;23;25;23;29;19;13;13;17
;27;29;15;35;29;17;17;7;19;29
;7;17;15;23;23;23;29;17;13;19
;27;15;11;19;35;23;31;25;27;23
;15;25;19;23;27;31;21;27;11;29
;15;19;17;35;21;23;31;27;21;15
;27;19;23;29;27;27;19;23;11;27
;25;17;17;19;23;25;23;31;25;27
;27;19;19;23;33;33;25;19;23;23
;15;15;25;27;19;17;29;23;19;13
;11;17;25;27;19;25;17;21;25;17
;35;31;25;13;15;23;31;19;21;25
;17;27;19;23;35;25;31;23;23;31
;23;15;21;15;31;25;19;25;15;17
;31;15;23;23;21;23;19;19;25;21
;33;15;13;29;27;23;17;25;25;25
;19;21;17;27;13;25;21;19;25;25
;31;19;21;17;31;27;25;21;25;23
;25;23;21;19;21;23;25;23;13;33
;25;19;23;27;15;33;29;21;21;19
;25;23;13;15;35;31;21;17;13;25
;31;23;21;17;31;17;21;27;15;31
;27;21;25;25;21;15;21;25;17;17
;23;29;27;27;27;21;19;25;25;15
;35;21;19;19;23;15;19;31;21;27
;21;19;17;25;31;23;17;21;21;21
;23;17;21;35;37;21;23;31;9;31
;29;19;15;11;21;25;25;31;11;9
;23;19;21;25;17;23;29;23;25;17
;19;33;25;23;33;19;15;25;21;15
;17;27;27;25;25;27;25;25;23;17
;35;35;25;15;25;23;19;29;23;29
;25;25;9;15;23;21;27;17;25;23
;33;19;19;37;19;29;25;13;15;15
;17;15;17;23;17;31;19;29;13;21
;25;7;15;17;21;25;23;19;17;33
;29;25;27;27;23;25;23;27;17;25
;9;35;19;23;25;17;23;23;23;15
;17;19;25;27;25;19;25;27;15;27
;7;17;23;25;23;23;21;25;23;31
;31;21;19;25;27;31;23;11;15;33
;17;15;25;25;25;15;33;19;27;25
;35;33;19;21;25;27;29;21;17;19
;9;11;23;23;33;25;13;23;25;35
;11;21;25;25;35;25;31;25;19;19
;37;23;17;27;27;29;23;29;21;21
;23;23;25;27;29;19;31;31;15;27
;29;17;17;23;29;29;19;17;15;23
;33;19;21;25;29;29;9;13;25;21
;27;25;25;27;29;19;29;23;19;23
;31;21;27;27;21;23;29;33;25;21
;19;21;25;21;31;23;23;25;27;31
;37;17;23;27;25;13;29;29;29;23
;21;17;27;27;21;15;33;21;19;23
;13;23;21;27;31;17;33;21;21;21
;17;15;19;25;33;25;35;29;23;17
;17;25;17;27;29;21;17;35;27;19
;35;29;27;23;29;29;23;15;25;23
;25;31;17;17;23;29;25;9;21;21
;17;21;29;31;33;27;19;17;29;
;17;25;29;17;29;13;31;13;29;
;19;27;19;13;21;23;25;27;21;
;21;15;21;23;11;29;25;25;23;
;21;17;23;31;25;17;27;29;19;
;25;23;19;27;21;31;27;23;23;
;33;19;19;25;17;17;15;13;15;
;13;19;29;33;23;17;27;13;23;
;15;27;25;25;23;15;29;21;23;
;17;17;19;25;31;29;29;23;21;
;17;21;21;19;23;17;13;27;25;
;15;27;29;21;9;19;23;23;31;
;17;19;25;29;17;17;25;23;29;
;19;17;21;15;27;15;23;23;31;
;21;19;29;25;31;19;27;15;19;
;13;23;27;31;21;17;9;23;15;
;29;29;35;31;25;19;17;17;15;
;19;21;19;31;25;21;11;19;23;
;21;17;23;21;27;19;21;25;27;
;31;19;27;31;35;21;21;19;31;
;19;15;13;33;17;25;29;19;33;
;23;17;21;25;25;25;21;17;31;
;19;21;21;35;25;17;29;15;19;
;21;25;25;23;25;27;25;29;23;
;21;23;23;23;21;27;25;25;17;
;21;19;27;23;25;21;25;23;21;
;19;25;21;27;31;31;29;17;15;
;11;29;29;25;33;21;17;19;27;
;19;19;29;33;33;17;29;17;23;
;19;23;29;19;17;7;13;23;11;
;13;17;31;17;19;25;31;29;13;
;23;23;21;33;25;17;17;17;17;
;19;17;23;17;11;23;21;21;27;
;21;23;29;21;21;21;27;27;19;
;17;19;23;31;15;21;19;25;29;
;21;21;21;31;29;31;27;25;13;
;37;15;27;21;27;21;19;27;33;
;23;17;29;31;27;25;23;25;13;
;19;25;31;23;15;21;29;23;35;
;27;23;25;37;17;19;21;29;21;
;23;21;31;33;21;23;19;21;21;
;33;17;23;27;31;35;31;19;17;
;19;17;31;35;25;9;27;31;17;
;27;17;19;35;15;21;27;19;27;
;19;27;19;33;27;23;21;25;21;
;19;19;23;19;19;21;21;15;31;
;29;19;23;37;23;27;15;15;23;
;19;21;29;33;23;19;31;17;33;
;17;27;25;31;35;13;23;23;15;
;23;21;15;37;13;21;15;25;33;
;21;17;17;23;29;25;27;29;25;
;19;21;25;31;17;31;27;15;21;
;9;19;25;39;29;33;23;21;29;
;19;11;29;33;31;33;27;23;17;
;21;23;21;37;25;23;23;21;25;
;25;15;11;21;31;33;25;13;19;
;17;17;27;25;19;19;15;17;27;
;35;21;17;27;23;37;23;13;25;
;23;19;23;35;25;31;11;19;25;
;29;23;27;27;29;11;19;19;29;
;33;27;31;21;19;11;17;25;23;
;21;17;23;23;31;23;15;21;23;
;15;21;35;25;35;21;15;19;13;
;27;27;25;39;25;11;25;17;17;
;37;19;39;21;21;35;17;27;23;
;29;23;29;23;27;21;27;17;25;
;25;21;23;35;29;23;21;27;15;
;33;31;27;21;13;19;23;19;17;
;21;25;33;13;17;19;23;33;29;
;21;27;27;29;19;25;23;19;21;
;17;27;27;35;19;23;31;19;31;
;15;31;33;27;29;15;31;19;31;
;21;23;27;33;17;25;23;19;25;
;23;21;13;37;25;25;11;21;21;
;15;17;15;23;17;35;15;19;29;
;19;21;25;37;27;23;25;27;23;
;19;23;17;25;29;21;25;21;23;
;13;29;25;33;25;31;11;27;17;
;25;29;21;37;31;23;29;25;35;
;21;19;27;33;37;33;23;25;25;
;17;25;11;5;35;23;29;17;33;
;17;19;31;17;27;25;21;29;19;
;13;21;25;35;23;19;25;23;17;
;25;21;25;23;13;23;29;25;21;
;27;27;23;35;19;19;25;23;19;
;19;17;21;15;23;37;33;25;37;
;17;15;27;39;21;21;23;23;23;
;11;19;19;25;31;21;35;11;19;
;13;19;25;17;19;37;27;25;15;
;35;19;17;37;23;27;31;21;23;
;35;21;19;31;25;37;33;19;17;
;27;21;17;29;33;15;23;27;25;
;17;29;19;25;25;27;33;19;25;
;23;25;25;29;23;19;27;23;25;
;23;21;31;33;19;15;27;25;15;
;31;21;29;27;35;33;25;27;23;
;23;25;31;7;15;23;29;13;23;
;11;21;23;33;15;25;25;27;27;
;25;19;13;21;27;21;17;31;27;
;19;23;41;23;27;19;29;17;19;
;17;21;17;33;17;19;23;31;29;
;23;23;21;23;31;21;23;21;19;
;19;17;23;25;23;25;33;15;33;
;19;19;29;23;33;21;25;23;27;
;21;19;25;27;19;15;23;15;29;
;21;29;27;39;17;27;31;21;7;
;15;29;27;25;25;19;27;15;25;
;23;23;25;31;23;25;13;25;27;
;17;21;33;27;17;13;21;23;29;
;19;27;29;33;27;33;25;27;33;
;21;29;21;15;29;11;27;23;29;
;25;25;31;25;25;11;15;19;27;
;19;23;25;31;21;27;21;19;27;
;23;29;29;29;19;25;29;31;27;
;19;25;17;29;29;35;27;27;27;
;17;21;23;23;33;13;23;33;29;
;27;27;29;19;19;17;23;33;21;
;23;21;19;21;25;17;31;29;21;
;21;19;19;37;23;19;31;17;35;
;17;25;31;31;23;27;29;21;17;
;21;23;17;19;19;31;25;21;15;
;13;25;23;35;21;23;21;23;27;
;31;19;25;29;23;25;27;29;21;
;27;21;17;27;31;19;29;31;31;
;15;19;27;25;21;23;31;31;9;
;21;17;27;31;17;21;17;19;11;
;33;17;25;27;23;31;29;19;25;
;37;19;33;27;11;37;17;23;25;
;25;25;25;27;23;21;25;27;29;
;17;23;29;31;27;23;31;15;17;
;13;25;29;25;21;25;17;25;25;
;27;27;15;41;15;31;23;19;21;
;31;21;23;39;25;33;31;25;21;
;21;29;35;37;31;27;23;33;27;
;19;27;25;23;27;35;35;17;23;
;29;27;29;39;23;21;29;17;33;
;27;21;25;23;31;17;25;13;33;
;23;27;27;29;35;25;29;17;17;
;23;19;31;27;29;23;25;27;23;
;21;25;27;23;27;33;35;21;19;
;21;19;9;31;27;19;25;31;27;
;17;19;31;27;17;15;21;27;19;
;29;23;27;17;17;23;25;25;17;
;21;25;27;33;27;25;25;27;23;
;15;11;27;35;29;31;17;29;19;
;15;17;13;33;27;17;23;17;17;
;37;25;19;41;35;25;29;17;21;
;19;23;17;37;25;37;27;29;27;
;31;13;35;31;29;17;19;13;25;
;17;19;27;27;21;29;33;17;35;
;29;29;27;27;33;39;29;23;19;
;25;25;37;27;27;23;23;29;17;
;31;27;27;29;25;33;37;21;19;
;27;23;29;27;33;27;21;25;33;
;37;19;21;27;29;19;37;19;11;
;25;21;29;27;15;15;17;29;23;
;31;19;29;29;25;9;19;27;17;
;25;19;29;19;27;13;29;21;23;
;19;31;19;39;21;19;19;19;19;
;23;29;23;19;31;27;25;25;17;
;35;29;19;23;27;23;25;17;9;
;21;21;25;27;33;27;15;27;25;
;21;19;29;17;29;21;15;27;35;
;21;13;27;21;17;33;19;27;19;
;37;29;29;33;15;21;21;13;17;
;23;13;21;25;23;29;11;19;29;
;27;23;25;29;23;27;21;25;23;
;23;19;27;27;31;25;17;25;19;
;19;11;31;21;37;27;29;27;31;
;27;17;15;23;31;17;25;35;11;
;19;19;23;39;31;29;17;21;19;
;27;21;29;39;27;21;35;25;29;
;35;25;19;37;29;19;23;21;29;
;29;31;31;23;21;23;23;27;23;
;17;21;27;23;21;35;19;31;19;
;21;27;29;25;25;27;23;13;27;
;17;27;17;29;27;27;27;23;25;
;19;17;25;35;33;19;27;29;15;
;23;13;25;33;31;39;17;27;15;
;17;27;25;27;19;13;33;19;25;
;19;31;29;29;27;25;13;19;19;
;25;25;25;23;25;11;25;19;27;
;23;11;31;13;25;25;23;17;21;
;19;21;15;33;27;19;21;25;17;
;21;25;25;29;23;19;19;27;17;
;15;31;29;29;37;37;13;11;25;
;19;27;23;21;25;23;23;21;19;
;21;15;27;25;19;39;27;29;15;
;29;25;29;27;25;25;17;25;35;
;25;29;27;37;19;23;31;29;15;
;17;25;25;23;19;27;29;29;29;
;25;21;17;29;19;35;19;29;27;
;31;19;21;31;35;21;27;21;25;
;21;19;19;33;31;29;17;35;19;
;27;31;23;41;29;15;23;21;27;
;23;21;29;13;33;21;31;19;21;
;25;31;23;31;19;27;23;29;21;
;19;23;21;23;27;9;33;23;29;
;23;33;23;41;33;25;25;21;33;
;19;23;17;27;13;25;13;29;15;
;21;21;21;43;19;21;19;15;37;
;11;21;23;33;33;21;13;23;37;
;17;25;31;35;31;29;17;35;13;
;29;23;19;35;19;25;31;19;23;
;23;21;25;19;11;15;35;21;17;
;15;21;25;9;25;19;27;31;23;
;25;33;33;27;15;25;9;19;19;
;27;25;25;31;27;23;25;27;21;
;25;27;19;43;21;23;27;25;29;
;23;23;33;29;23;29;31;27;13;
;17;29;23;21;27;33;19;27;17;
;27;15;15;35;31;21;29;31;17;
;17;19;21;7;27;33;27;23;19;
;23;27;9;33;25;25;27;27;29;
;29;21;33;33;37;31;29;31;13;
;21;27;27;37;21;23;19;25;17;
;23;27;31;23;19;25;25;25;21;
;15;27;33;21;15;21;33;27;31;
;25;17;25;37;27;31;19;25;19;
;15;21;23;31;17;21;31;23;31;
;27;25;15;21;29;21;19;19;27;
;29;35;29;33;27;11;33;23;29;
;21;17;25;31;23;27;21;37;37;
;19;19;19;27;19;27;33;21;25;
;17;25;19;33;25;25;25;29;17;
;25;21;17;27;25;19;35;15;21;
;29;21;15;29;27;21;25;27;17;
;23;23;19;45;27;21;25;23;15;
;21;29;29;41;23;27;29;29;19;
;25;23;35;27;27;23;31;27;15;
;23;25;13;25;33;35;15;37;37;
;19;27;29;37;35;25;25;33;19;
;23;29;35;25;31;21;25;25;17;
;19;23;29;23;27;19;19;25;35;
;21;19;27;29;35;23;33;23;17;
;19;23;17;31;17;21;27;25;35;
;35;19;27;21;27;19;15;27;21;
;23;23;27;23;17;27;31;19;23;
;13;21;21;19;23;17;27;21;37;
;27;27;29;21;23;21;21;25;25;
;25;19;33;33;21;15;27;29;25;
;19;17;21;19;23;35;35;19;25;
;39;23;9;25;31;17;27;19;17;
;19;15;43;23;21;23;27;21;31;
;19;29;25;35;23;17;19;21;33;
;35;23;13;39;27;15;29;19;27;
;21;19;25;25;13;19;33;29;25;
;21;23;25;23;33;23;27;31;29;
;23;31;17;31;27;25;21;21;19;
;15;23;37;25;21;31;31;23;17;
;21;23;13;25;11;31;29;29;39;
;25;23;21;33;33;19;19;27;23;
;21;25;29;33;19;27;25;27;27;
;33;19;33;35;15;29;31;39;33;
;25;21;29;29;27;21;15;21;17;
;23;19;25;29;31;31;23;37;15;
;27;13;31;31;21;31;27;27;25;
;31;23;27;25;27;23;25;21;17;
;23;27;33;31;35;21;31;25;19;
;33;25;37;35;19;23;21;21;15;
;31;25;31;27;23;33;15;31;21;
;29;21;25;27;31;21;39;19;21;
;21;23;29;27;21;21;27;19;23;
;19;23;29;43;35;25;37;27;21;
;31;21;37;27;35;35;13;19;19;
;25;29;29;9;21;23;25;21;17;
;21;31;29;25;25;23;27;31;29;
;15;15;29;35;29;37;25;23;25;
;25;19;25;33;27;25;19;19;31;
;13;23;29;35;15;15;27;21;21;
;25;23;27;19;29;31;37;29;15;
;37;23;25;23;39;25;33;29;33;
;29;23;17;35;29;25;37;21;23;
;29;23;17;39;29;23;27;21;17;
;19;29;27;29;23;27;29;31;15;
;23;31;31;27;29;29;25;21;23;
;21;25;29;27;21;19;29;25;29;
;23;17;29;27;27;19;15;15;21;
;31;21;23;39;21;21;23;21;31;
;21;25;25;23;31;23;39;29;39;
;39;23;19;33;31;25;13;25;23;
;29;21;31;35;13;21;31;25;27;
;21;35;29;37;29;25;17;37;19;
;17;25;17;39;29;21;27;25;25;
;21;25;39;35;25;37;21;27;13;
;21;25;35;29;33;21;25;25;39;
;17;31;29;35;21;29;13;29;17;
;15;27;25;33;27;21;23;29;35;
;23;31;21;39;35;23;31;23;25;
;25;25;13;33;27;27;25;19;37;
;27;25;25;37;25;17;33;27;23;
;21;25;27;29;25;19;21;31;25;
;19;31;17;15;35;29;19;27;27;
;27;31;33;29;15;21;29;21;19;
;21;23;21;9;19;27;29;23;27;
;31;25;11;41;19;27;31;29;25;
;21;13;25;35;25;13;31;23;25;
;29;27;33;33;27;25;25;31;;
;13;19;33;27;19;25;23;13;;
;23;33;39;27;25;31;21;19;;
;17;19;31;29;31;37;25;25;;
;21;11;21;25;29;21;23;29;;
;21;19;25;33;29;27;13;27;;
;21;25;27;19;27;19;31;17;;
;21;21;11;35;19;29;21;15;;
;21;21;29;17;35;29;25;21;;
;23;19;35;25;21;29;25;21;;
;23;31;39;31;39;23;25;23;;
;37;37;21;29;21;11;25;27;;
;15;25;25;25;27;13;25;17;;
;21;35;25;19;19;25;17;31;;
;21;19;29;25;19;27;29;29;;
;33;21;39;33;21;17;23;25;;
;23;27;33;17;21;23;27;19;;
;23;23;31;25;37;27;27;29;;
;27;31;29;33;23;19;29;29;;
;21;31;39;35;35;21;27;19;;
;19;31;17;29;31;25;11;25;;
;23;29;33;29;23;27;29;25;;
;21;31;39;37;23;23;25;19;;
;21;31;29;17;23;31;23;27;;
;21;41;25;33;13;29;31;15;;
;29;31;29;19;29;25;21;31;;
;23;19;27;23;19;31;33;13;;
;15;21;25;19;29;37;23;15;;
;21;31;37;25;27;11;27;29;;
;25;21;31;17;37;29;25;19;;
;25;23;45;21;15;27;39;21;;
;21;23;27;35;25;27;29;37;;
;21;35;29;37;21;33;23;17;;
;27;23;35;23;17;31;33;27;;
;25;31;31;21;27;25;17;27;;
;27;31;33;23;41;37;21;17;;
;25;31;25;21;25;27;21;15;;
;23;31;23;27;21;35;21;23;;
;19;29;33;33;35;23;15;23;;
;23;19;29;17;21;11;13;19;;
;13;21;9;27;31;27;29;25;;
;25;21;37;21;27;25;19;27;;
;17;23;21;25;27;23;21;19;;
;25;27;29;27;19;17;25;29;;
;29;21;33;25;23;33;33;23;;
;27;31;41;29;19;23;31;17;;
;31;37;35;17;15;31;19;31;;
;25;21;33;23;31;27;29;29;;
;19;33;31;19;23;25;31;27;;
;33;27;29;19;33;25;27;21;;
;19;33;23;31;19;35;23;17;;
;21;25;25;37;23;37;31;27;;
;17;15;21;37;19;33;21;29;;
;15;27;23;33;41;31;25;31;;
;29;35;33;31;31;25;25;19;;
;19;31;39;25;27;29;15;33;;
;23;33;23;37;25;31;21;23;;
;31;15;35;27;37;39;31;19;;
;13;31;31;21;21;25;21;21;;
;35;35;37;21;17;17;31;29;;
;21;33;25;39;23;17;13;31;;
;21;15;23;25;27;35;13;21;;
;25;29;19;27;17;33;31;29;;
;21;27;27;23;25;37;13;29;;
;29;23;39;31;19;31;21;27;;
;21;27;37;23;23;25;27;27;;
;25;31;39;33;15;27;29;11;;
;23;33;23;21;9;29;29;27;;
;23;27;23;25;19;17;39;15;;
;23;15;25;33;25;25;23;21;;
;21;23;23;39;15;29;15;33;;
;21;17;33;27;31;25;33;27;;
;33;37;31;29;19;35;23;33;;
;27;27;19;21;19;27;21;29;;
;29;39;35;21;13;33;23;25;;
;21;45;29;25;27;25;29;29;;
;29;23;25;15;11;29;25;15;;
;17;29;47;29;17;17;33;33;;
;15;13;33;27;21;17;23;31;;
;23;27;27;23;21;17;25;23;;
;27;37;41;25;23;25;25;27;;
;23;25;33;29;21;31;33;19;;
;25;31;39;25;25;23;31;33;;
;21;19;29;27;25;15;27;25;;
;13;27;21;39;21;23;19;21;;
;23;35;41;33;11;33;19;23;;
;15;33;23;25;25;39;29;17;;
;15;29;35;27;23;33;21;35;;
;17;25;13;27;15;23;17;23;;
;15;33;39;21;19;27;39;29;;
;27;21;21;25;33;29;27;31;;
;17;33;19;33;31;35;29;25;;
;33;37;37;29;23;35;25;35;;
;31;33;31;29;21;25;27;25;;
;29;27;31;31;21;27;21;29;;
;27;15;31;33;21;21;23;39;;
;23;35;41;19;27;33;23;25;;
;23;31;31;27;35;31;25;29;;
;25;33;25;33;23;29;25;17;;
;19;35;31;15;25;27;29;25;;
;25;29;41;23;27;29;25;21;;
;27;29;25;19;23;23;25;25;;
;25;29;27;25;23;29;15;31;;
;21;31;41;25;23;27;17;37;;
;25;27;31;31;43;31;27;21;;
;29;25;33;29;25;35;25;23;;
;27;19;41;31;19;31;33;25;;
;27;33;21;37;29;13;27;27;;
;29;19;23;9;33;27;19;17;;
;17;33;27;33;17;29;31;27;;
;15;29;37;21;21;29;13;21;;
;33;29;29;27;19;29;33;27;;
;29;29;33;21;45;31;39;17;;
;31;31;25;35;33;29;27;31;;
;27;25;27;17;21;37;27;41;;
;27;23;29;33;25;21;27;25;;
;11;31;23;33;11;35;33;19;;
;13;37;25;33;31;35;23;25;;
;23;29;47;25;25;23;31;23;;
;25;15;31;33;21;31;15;17;;
;27;31;19;15;19;21;33;21;;
;27;25;41;37;29;33;15;29;;
;23;33;15;25;33;25;23;27;;
;19;27;21;35;13;29;27;25;;
;27;19;29;27;23;19;19;33;;
;29;29;15;21;31;39;19;31;;
;19;25;21;29;17;25;25;31;;
;29;27;23;21;35;29;27;17;;
;17;25;35;13;27;33;25;25;;
;27;31;41;25;23;13;23;27;;
;23;37;27;29;23;27;25;19;;
;21;21;27;23;29;25;31;19;;
;27;23;29;27;25;21;29;17;;
;21;23;35;33;37;23;25;17;;
;29;27;33;35;21;25;27;27;;
;29;31;27;39;25;25;31;21;;
;21;25;31;35;27;27;31;23;;
;17;35;31;25;39;25;33;21;;
;33;39;37;31;25;29;27;19;;
;37;31;21;31;27;41;23;37;;
;15;27;29;33;15;23;29;15;;
;23;23;35;19;33;37;23;33;;
;27;27;17;25;23;29;33;25;;
;15;23;19;29;21;33;23;29;;
;21;27;21;37;25;39;21;29;;
;29;33;41;23;25;29;25;31;;
;25;21;33;15;33;37;25;19;;
;31;27;25;33;27;27;21;27;;
;25;35;31;29;25;31;25;33;;
;23;21;33;23;17;19;27;35;;
;21;29;31;31;13;23;29;29;;
;23;21;23;21;27;33;29;19;;
;35;31;27;17;37;31;33;29;;
;29;23;29;17;23;31;25;21;;
;25;37;31;19;23;17;33;21;;
;25;23;39;35;17;25;23;33;;
;25;23;25;25;29;27;21;29;;
;23;17;33;23;19;17;29;19;;
;25;27;29;29;21;27;17;29;;
;27;23;31;37;27;29;29;31;;
;25;21;11;33;33;21;19;31;;
;23;29;17;33;29;25;15;19;;
;23;33;37;29;29;33;19;21;;
;29;31;33;21;31;27;29;23;;
;31;23;43;37;23;29;23;19;;
;27;29;37;19;23;27;23;19;;
;23;47;21;27;21;29;27;21;;
;29;37;29;39;39;25;31;21;;
;25;33;31;29;33;33;29;21;;
;19;21;43;29;25;27;27;29;;
;35;33;27;25;25;21;23;31;;
;27;49;37;27;13;27;23;31;;
;23;31;33;21;29;15;29;27;;
;25;17;17;35;25;41;23;25;;
;21;39;33;27;23;35;15;31;;
;17;29;33;33;25;27;31;17;;
;21;25;39;19;27;19;35;13;;
;27;35;43;17;25;31;15;29;;
;19;25;25;23;21;29;27;31;;
;25;35;35;11;27;31;33;29;;
;15;37;35;25;25;27;23;25;;
;17;25;33;27;41;27;25;19;;
;29;31;29;27;23;33;33;27;;
;25;25;25;31;19;31;23;25;;
;25;37;27;29;27;33;23;31;;
;33;31;31;23;27;27;25;33;;
;21;31;29;37;31;29;31;35;;
;27;35;15;19;23;31;15;27;;
;29;37;25;23;35;19;27;29;;
;19;27;35;29;33;27;17;27;;
;31;25;35;25;41;29;23;35;;
;21;29;35;35;27;39;29;15;;
;25;51;29;31;39;17;21;33;;
;23;31;43;27;33;25;33;31;;
;19;21;27;21;23;15;33;27;;
;25;25;23;25;31;25;25;29;;
;29;33;23;19;29;29;23;33;;
;27;19;27;29;29;37;31;19;;
;19;13;25;23;19;19;31;23;;
;19;25;35;41;29;21;27;31;;
;27;15;35;25;23;29;25;29;;
;19;23;21;25;25;33;31;23;;
;25;39;33;23;41;31;19;33;;
;33;17;27;21;23;21;25;21;;
;19;21;33;21;19;21;27;21;;
;27;29;25;37;29;35;19;29;;
;29;33;27;31;27;25;35;29;;
;29;25;19;27;27;23;27;31;;
;23;29;37;23;29;33;25;21;;
;23;27;29;27;25;25;25;21;;
;25;29;29;37;25;21;25;29;;
;15;25;35;31;19;19;23;21;;
;13;19;21;27;31;27;21;21;;
;33;27;29;25;15;29;29;31;;
;23;27;27;11;35;19;23;23;;
;23;23;33;37;27;41;21;21;;
;31;21;21;31;29;29;35;29;;
;23;25;45;9;27;27;27;19;;
;31;33;31;27;13;27;27;19;;
;37;23;33;43;19;21;19;29;;
;27;23;31;29;17;35;25;29;;
;25;33;29;31;27;17;27;17;;
;21;33;19;29;27;41;31;19;;
;39;31;25;27;19;15;31;25;;
;23;33;35;21;23;21;29;25;;
;27;23;25;21;23;21;27;23;;
;37;23;29;31;27;29;29;19;;
;21;29;33;23;21;35;25;35;;
;31;29;31;29;21;23;41;17;;
;31;27;29;39;31;19;21;23;;
;25;29;41;33;33;27;25;27;;
;27;27;35;25;21;25;29;33;;
;27;27;37;35;41;31;29;31;;
;31;29;23;23;35;15;23;17;;
;27;33;37;39;23;19;31;35;;
;15;29;21;29;27;21;33;21;;
;19;17;43;37;17;31;31;41;;
;13;31;25;37;39;33;25;13;;
;31;29;43;27;23;29;19;19;;
;21;31;29;29;27;29;25;31;;
;21;19;33;37;23;31;31;33;;
;27;27;31;31;27;27;19;27;;
;29;33;29;17;39;23;23;29;;
;27;23;39;37;27;27;23;33;;
;27;37;21;27;23;17;17;27;;
;27;27;25;21;25;25;33;23;;
;27;25;19;29;17;27;35;27;;
;25;31;37;35;35;29;15;21;;
;23;25;27;39;21;21;33;21;;
;15;21;31;29;43;17;25;21;;
;25;17;31;33;29;27;29;23;;
;29;29;37;17;15;33;25;23;;
;25;19;29;21;35;17;27;21;;
;29;39;37;27;29;33;31;17;;
;25;19;29;39;27;29;13;25;;
;25;27;25;29;15;19;35;27;;
;23;31;27;29;35;23;17;39;;
;23;27;33;33;11;21;15;35;;
;19;29;25;19;29;21;25;25;;
;31;29;27;23;15;33;25;37;;
;19;35;37;27;29;31;15;23;;
;29;37;17;23;31;19;27;23;;
;21;27;29;25;23;27;23;23;;
;19;29;35;29;25;25;25;17;;
;29;31;27;33;41;31;27;35;;
;25;19;21;35;19;31;21;25;;
;25;39;31;19;25;17;25;27;;
;19;27;37;25;27;21;21;37;;
;21;29;21;25;31;29;21;27;;
;27;33;35;21;41;29;27;13;;
;23;35;37;35;35;29;17;29;;
;23;29;33;41;17;33;21;33;;
;21;33;37;27;21;25;31;19;;
;35;19;43;29;31;23;25;31;;
;35;39;39;31;19;25;17;21;;
;19;23;37;29;37;17;11;29;;
;25;33;23;29;29;31;25;31;;
;29;23;35;17;39;31;39;31;;
;31;31;35;41;15;33;23;27;;
;25;21;31;23;25;31;29;21;;
;29;35;31;35;31;43;35;27;;
;27;31;35;33;29;33;27;29;;
;25;33;17;21;21;17;23;35;;
;19;33;25;29;19;21;27;21;;
;19;27;27;31;29;17;23;19;;
;19;39;33;25;25;19;21;23;;
;25;13;15;33;29;23;35;35;;
;27;27;37;13;31;33;23;31;;
;23;11;41;29;23;37;27;29;;
;27;23;35;29;31;33;15;31;;
;21;31;29;29;25;37;29;19;;
;23;23;33;37;29;31;31;31;;
;31;31;37;23;23;27;27;25;;
;21;31;23;27;25;27;29;23;;
;27;23;35;35;37;29;21;27;;
;27;23;25;17;25;17;35;19;;
;21;27;23;21;25;13;35;23;;
;19;21;27;31;39;27;25;35;;
;27;23;27;25;23;31;19;;;
;35;43;23;29;37;33;27;;;
;35;39;33;19;25;25;37;;;
;17;37;29;23;25;17;31;;;
;27;35;13;33;23;33;27;;;
;39;43;25;37;33;27;25;;;
;31;27;31;29;29;31;21;;;
;17;31;25;31;27;23;23;;;
;25;25;17;27;35;33;35;;;
;33;25;29;21;29;29;21;;;
;41;23;27;27;35;27;23;;;
;21;31;27;27;33;31;33;;;
;27;23;35;31;27;41;33;;;
;29;49;37;33;25;33;31;;;
;25;25;29;33;31;25;17;;;
;33;25;43;29;33;29;25;;;
;31;35;37;19;33;29;23;;;
;33;29;33;29;35;25;23;;;
;29;29;35;29;15;21;37;;;
;35;29;21;23;19;25;19;;;
;23;37;15;33;27;15;39;;;
;31;29;27;33;35;23;23;;;
;31;39;23;31;31;17;17;;;
;23;21;13;21;23;15;25;;;
;35;29;21;27;27;25;23;;;
;25;35;31;23;29;29;11;;;
;33;25;35;19;37;29;31;;;
;33;23;31;23;17;33;25;;;
;33;33;25;25;29;23;23;;;
;19;29;9;21;33;19;19;;;
;35;17;25;11;15;33;19;;;
;35;27;39;31;29;29;31;;;
;29;39;29;25;27;23;23;;;
;25;31;25;27;23;27;33;;;
;25;39;33;27;33;21;21;;;
;35;37;33;29;33;27;23;;;
;25;25;33;13;29;21;15;;;
;29;35;19;17;27;27;25;;;
;19;29;31;41;27;25;29;;;
;33;29;11;31;23;17;33;;;
;31;37;35;25;17;27;17;;;
;33;25;31;21;33;29;29;;;
;27;31;29;33;31;21;21;;;
;31;33;33;27;33;15;11;;;
;21;11;23;31;29;15;29;;;
;27;25;27;29;39;33;33;;;
;33;33;29;27;35;29;19;;;
;37;39;31;33;27;25;31;;;
;17;31;23;23;25;13;15;;;
;25;41;21;33;27;25;23;;;
;19;43;23;27;39;29;23;;;
;17;21;37;23;29;25;33;;;
;17;35;25;21;31;33;25;;;
;21;39;17;19;19;19;19;;;
;31;21;33;25;35;35;33;;;
;25;31;31;25;37;25;35;;;
;25;35;23;27;27;23;25;;;
;25;35;25;23;21;23;19;;;
;45;33;29;27;29;17;25;;;
;47;31;21;19;19;31;37;;;
;27;27;23;25;25;21;25;;;
;43;31;29;27;33;19;29;;;
;29;31;25;37;21;23;19;;;
;21;33;29;23;25;17;27;;;
;15;35;19;27;35;19;15;;;
;27;25;31;27;27;23;29;;;
;31;27;31;29;27;23;31;;;
;25;41;35;35;15;25;31;;;
;17;33;19;13;31;31;39;;;
;25;43;29;31;29;35;35;;;
;21;29;27;29;25;25;39;;;
;33;29;21;37;29;33;31;;;
;31;41;39;31;25;33;21;;;
;27;23;35;21;29;29;35;;;
;25;35;25;25;35;21;17;;;
;17;45;31;29;25;19;37;;;
;37;43;25;19;35;25;19;;;
;35;33;29;21;27;17;37;;;
;29;25;29;25;17;21;35;;;
;21;21;39;29;29;27;29;;;
;23;21;31;35;33;41;35;;;
;21;37;27;21;35;25;25;;;
;29;25;25;25;27;29;17;;;
;31;25;15;25;33;25;29;;;
;29;35;29;17;21;25;19;;;
;25;25;23;21;27;13;27;;;
;21;15;31;43;31;29;29;;;
;35;37;29;39;31;27;25;;;
;33;25;27;29;29;23;33;;;
;33;27;23;37;31;25;39;;;
;29;39;39;23;35;23;23;;;
;21;19;21;21;35;25;31;;;
;35;33;21;29;9;31;29;;;
;27;41;27;35;31;21;21;;;
;31;35;29;31;29;21;25;;;
;23;39;27;17;29;23;27;;;
;27;49;33;19;33;25;33;;;
;19;19;27;19;31;23;21;;;
;31;35;27;23;27;25;25;;;
;21;27;27;17;33;29;17;;;
;27;25;29;31;29;27;23;;;
;29;29;29;29;35;23;19;;;
;9;39;35;39;33;29;33;;;
;41;37;23;27;41;17;33;;;
;33;25;25;23;15;31;29;;;
;35;39;21;21;31;17;33;;;
;53;35;15;39;31;31;33;;;
;27;35;27;25;31;23;19;;;
;41;33;37;29;33;17;35;;;
;29;39;31;33;31;29;25;;;
;35;37;31;43;25;13;21;;;
;31;35;39;31;33;31;31;;;
;33;41;21;33;27;25;23;;;
;31;41;29;23;33;21;23;;;
;39;35;27;29;31;19;35;;;
;33;35;21;21;27;23;29;;;
;23;25;35;21;35;23;21;;;
;25;27;27;23;33;25;21;;;
;23;23;29;29;31;27;21;;;
;15;33;25;25;19;27;21;;;
;33;37;27;29;31;29;37;;;
;25;31;25;21;25;15;33;;;
;33;23;13;23;25;25;27;;;
;31;35;27;33;21;35;19;;;
;33;31;21;35;21;31;39;;;
;31;39;17;25;33;27;31;;;
;27;19;33;23;33;27;21;;;
;37;33;31;23;35;23;39;;;
;19;29;25;33;25;23;29;;;
;37;29;37;25;17;19;33;;;
;37;45;33;23;35;41;21;;;
;17;41;27;37;29;31;27;;;
;39;37;35;31;41;21;25;;;
;29;33;17;29;31;25;21;;;
;31;35;27;27;19;21;33;;;
;29;27;33;23;33;31;25;;;
;35;27;17;41;25;27;31;;;
;31;35;19;19;29;23;27;;;
;31;39;35;21;31;27;33;;;
;35;35;29;21;21;39;19;;;
;35;31;29;23;27;27;27;;;
;35;31;35;27;33;23;21;;;
;17;33;27;25;15;21;27;;;
;25;27;31;25;15;25;35;;;
;35;33;19;21;27;27;39;;;
;29;31;21;27;25;31;19;;;
;25;35;31;37;39;23;27;;;
;17;31;21;35;23;25;29;;;
;25;37;35;25;21;33;19;;;
;29;37;31;33;17;25;25;;;
;25;33;19;37;21;23;31;;;
;21;17;35;31;33;27;23;;;
;27;35;31;23;29;21;25;;;
;35;25;35;17;21;27;29;;;
;21;27;23;23;19;19;33;;;
;13;35;39;29;31;21;37;;;
;25;39;17;21;25;23;21;;;
;33;33;35;25;19;17;41;;;
;19;31;25;39;23;29;21;;;
;35;35;19;23;17;29;29;;;
;31;31;25;25;25;25;25;;;
;27;31;25;17;23;31;23;;;
;29;39;17;37;31;29;19;;;
;31;17;21;21;31;23;31;;;
;29;19;19;43;29;19;21;;;
;23;31;35;29;31;33;31;;;
;21;23;23;31;19;25;35;;;
;23;27;23;45;27;27;35;;;
;39;33;23;33;33;17;19;;;
;29;25;33;35;27;33;29;;;
;25;21;23;25;33;27;39;;;
;31;37;29;21;29;19;19;;;
;29;23;31;15;41;17;23;;;
;37;37;23;33;23;37;29;;;
;27;37;29;23;23;23;37;;;
;29;23;29;27;33;29;21;;;
;25;37;27;35;25;25;35;;;
;35;23;37;29;15;41;31;;;
;39;27;39;27;27;25;21;;;
;31;37;39;29;19;33;21;;;
;41;25;23;23;13;25;25;;;
;27;41;27;25;23;19;31;;;
;19;19;23;19;31;27;31;;;
;35;27;33;43;33;39;25;;;
;45;21;21;25;33;21;21;;;
;17;27;31;25;25;27;29;;;
;31;31;25;25;33;35;41;;;
;25;37;23;25;31;25;23;;;
;29;31;19;25;33;27;35;;;
;27;41;39;27;29;25;35;;;
;33;29;29;39;29;17;39;;;
;27;33;39;31;37;25;31;;;
;25;51;31;31;43;21;25;;;
;31;17;21;25;39;33;21;;;
;31;35;21;23;29;25;33;;;
;35;27;25;31;19;23;21;;;
;21;33;41;29;25;21;35;;;
;37;39;23;33;27;21;25;;;
;37;21;27;25;27;29;29;;;
;33;29;33;23;29;27;35;;;
;27;17;29;31;23;27;31;;;
;31;29;21;39;13;23;35;;;
;23;39;29;27;35;29;35;;;
;31;27;33;27;33;21;19;;;
;35;27;37;19;27;27;23;;;
;29;47;21;39;41;21;21;;;
;15;27;25;35;27;23;35;;;
;33;37;29;31;27;23;17;;;
;33;25;39;35;27;35;31;;;
;31;41;35;33;31;25;37;;;
;23;45;27;29;21;25;27;;;
;29;47;33;31;31;29;31;;;
;39;31;31;31;29;27;23;;;
;35;13;39;23;33;31;35;;;
;41;37;31;23;33;27;37;;;
;19;19;29;33;33;17;23;;;
;21;31;31;27;35;27;25;;;
;21;27;37;31;35;23;33;;;
;25;37;19;21;33;21;33;;;
;35;21;15;39;25;23;27;;;
;31;31;27;35;21;15;35;;;
;27;13;41;33;23;21;33;;;
;23;33;33;35;37;33;23;;;
;27;35;29;17;21;31;27;;;
;23;33;29;27;19;29;25;;;
;19;25;29;19;31;19;27;;;
;35;27;43;23;35;19;31;;;
;35;31;29;41;19;31;23;;;
;25;35;25;37;11;15;17;;;
;29;39;33;27;35;23;25;;;
;29;35;31;21;33;23;31;;;
;39;41;29;27;31;19;37;;;
;27;41;37;21;29;31;25;;;
;25;31;37;35;17;27;19;;;
;29;29;29;27;39;31;35;;;
;47;37;35;23;13;31;39;;;
;27;51;23;37;33;17;35;;;
;31;29;13;25;29;31;19;;;
;15;27;35;19;19;29;27;;;
;37;39;31;29;19;21;19;;;
;27;41;31;25;23;35;29;;;
;29;25;33;43;19;37;25;;;
;15;29;27;25;15;27;23;;;
;29;37;29;21;19;23;41;;;
;27;23;33;21;35;31;31;;;
;29;39;37;37;11;27;23;;;
;35;41;23;23;25;33;23;;;
;17;25;39;23;31;21;15;;;
;31;27;25;29;19;21;29;;;
;35;21;23;17;35;27;21;;;
;31;45;35;39;35;25;43;;;
;27;21;31;37;27;23;27;;;
;27;27;29;25;25;33;33;;;
;17;35;33;27;23;17;37;;;
;27;35;23;29;33;27;35;;;
;19;33;37;23;25;25;39;;;
;27;35;25;25;27;21;31;;;
;39;27;19;23;35;35;33;;;
;31;31;19;33;25;25;33;;;
;37;19;33;21;27;23;37;;;
;35;35;25;27;31;15;23;;;
;35;15;31;23;31;33;33;;;
;29;23;31;35;21;27;23;;;
;33;27;33;35;31;31;29;;;
;31;35;31;35;19;27;23;;;
;39;33;25;31;37;25;19;;;
;21;31;17;15;29;21;17;;;
;17;43;27;23;31;15;33;;;
;21;37;31;21;39;25;23;;;
;19;43;35;39;31;37;33;;;
;27;31;31;29;19;29;25;;;
;33;37;25;21;33;29;27;;;
;25;43;41;25;21;23;23;;;
;33;35;25;39;37;23;23;;;
;17;9;29;29;29;21;31;;;
;35;39;35;27;33;27;21;;;
;15;37;25;15;19;35;23;;;
;21;41;25;27;43;29;29;;;
;31;23;31;43;29;27;27;;;
;29;23;31;29;29;29;23;;;
;25;27;25;17;21;31;19;;;
;23;37;19;23;39;29;29;;;
;37;33;35;19;33;29;33;;;
;25;27;35;29;31;43;25;;;
;41;21;35;35;29;31;19;;;
;23;37;21;29;31;23;35;;;
;29;41;27;13;21;23;23;;;
;17;31;31;27;27;23;33;;;
;35;11;33;29;23;27;25;;;
;43;33;15;13;35;27;23;;;
;29;29;33;23;31;17;29;;;
;29;29;31;25;39;29;35;;;
;25;29;25;37;31;23;33;;;
;39;19;35;29;35;35;25;;;
;33;43;11;21;43;15;45;;;
;21;39;19;31;33;43;19;;;
;37;29;27;29;27;25;25;;;
;31;13;25;25;17;29;;;;
;33;35;19;31;25;25;;;;
;31;23;27;37;33;31;;;;
;35;25;33;17;25;41;;;;
;19;31;27;23;23;27;;;;
;19;27;23;19;25;27;;;;
;19;27;25;37;27;13;;;;
;39;23;29;29;33;39;;;;
;35;21;21;37;25;19;;;;
;39;33;25;25;27;31;;;;
;23;23;27;37;21;25;;;;
;41;31;27;29;23;25;;;;
;35;19;39;39;33;25;;;;
;37;29;33;35;27;33;;;;
;41;41;23;37;23;35;;;;
;35;27;41;37;13;33;;;;
;47;19;29;27;25;29;;;;
;21;33;25;39;25;21;;;;
;39;23;31;33;33;31;;;;
;25;19;23;19;23;23;;;;
;39;13;31;35;27;35;;;;
;35;31;25;29;25;21;;;;
;33;25;27;21;35;33;;;;
;27;33;21;33;31;39;;;;
;33;23;35;21;31;33;;;;
;25;31;23;39;23;33;;;;
;27;31;23;35;19;25;;;;
;23;27;25;15;31;31;;;;
;41;33;35;25;23;25;;;;
;35;23;21;31;35;37;;;;
;29;37;29;29;27;19;;;;
;29;21;17;29;17;19;;;;
;25;33;29;23;13;39;;;;
;35;29;27;35;33;25;;;;
;29;25;33;39;27;11;;;;
;31;29;31;29;17;33;;;;
;23;33;47;35;21;29;;;;
;29;21;29;27;31;29;;;;
;27;39;25;31;29;29;;;;
;33;39;27;23;25;33;;;;
;35;29;21;35;25;31;;;;
;27;13;13;19;29;33;;;;
;33;41;13;31;27;25;;;;
;27;39;25;23;27;41;;;;
;45;21;31;19;21;23;;;;
;31;35;27;33;29;33;;;;
;37;21;27;29;33;19;;;;
;35;31;31;41;27;21;;;;
;35;27;23;27;17;27;;;;
;45;19;33;25;19;37;;;;
;33;31;31;17;27;31;;;;
;29;23;35;33;31;35;;;;
;23;33;37;31;27;23;;;;
;31;33;21;31;25;37;;;;
;39;33;33;29;21;29;;;;
;41;37;25;35;27;21;;;;
;43;33;41;35;27;29;;;;
;33;27;37;33;21;21;;;;
;29;29;31;29;31;33;;;;
;37;23;33;35;31;19;;;;
;27;31;17;21;33;21;;;;
;33;37;27;21;29;23;;;;
;33;33;15;31;17;23;;;;
;25;25;29;39;33;29;;;;
;45;33;27;37;31;33;;;;
;19;29;29;31;23;19;;;;
;27;35;37;29;23;27;;;;
;37;27;27;27;35;35;;;;
;11;39;23;21;35;31;;;;
;39;27;35;35;27;27;;;;
;35;25;27;35;15;27;;;;
;29;11;29;37;29;37;;;;
;25;35;25;23;29;29;;;;
;47;29;25;31;31;19;;;;
;29;35;27;27;25;41;;;;
;19;31;21;29;33;43;;;;
;27;27;43;27;31;23;;;;
;33;23;27;29;29;27;;;;
;31;21;37;27;25;35;;;;
;41;41;25;17;27;29;;;;
;39;27;29;31;29;31;;;;
;35;31;25;33;33;23;;;;
;25;29;31;27;29;41;;;;
;29;33;35;31;27;33;;;;
;23;25;21;29;23;33;;;;
;25;27;23;21;23;25;;;;
;31;17;29;35;27;35;;;;
;29;29;27;37;29;21;;;;
;41;35;27;21;23;29;;;;
;37;23;27;33;27;19;;;;
;35;33;27;27;27;27;;;;
;33;27;27;23;31;35;;;;
;39;27;25;31;33;27;;;;
;37;27;25;23;25;25;;;;
;33;31;37;31;15;25;;;;
;27;35;41;33;25;23;;;;
;31;23;17;13;25;35;;;;
;37;33;37;35;33;25;;;;
;25;31;25;29;29;23;;;;
;27;37;27;33;25;23;;;;
;35;33;15;35;33;27;;;;
;27;21;25;35;21;21;;;;
;29;21;17;35;29;19;;;;
;37;37;21;25;19;33;;;;
;39;29;29;31;17;33;;;;
;33;33;45;35;21;21;;;;
;27;17;27;27;29;23;;;;
;29;21;33;31;31;19;;;;
;23;17;35;29;35;35;;;;
;29;27;43;19;17;33;;;;
;37;31;31;33;29;29;;;;
;37;41;21;39;17;39;;;;
;25;33;37;41;21;25;;;;
;27;19;27;17;25;25;;;;
;43;29;33;37;31;33;;;;
;31;31;27;35;27;27;;;;
;31;27;31;23;29;21;;;;
;37;27;27;25;31;37;;;;
;47;27;25;29;29;25;;;;
;45;33;25;33;29;23;;;;
;33;15;31;21;35;25;;;;
;33;35;25;29;25;21;;;;
;39;33;19;23;37;25;;;;
;41;19;31;25;25;31;;;;
;37;29;27;23;39;33;;;;
;39;19;25;25;19;39;;;;
;37;33;37;31;35;21;;;;
;35;21;27;29;31;35;;;;
;41;23;21;15;21;15;;;;
;45;33;25;37;35;25;;;;
;37;29;25;19;25;33;;;;
;25;19;31;19;33;23;;;;
;15;15;37;31;43;35;;;;
;35;17;29;39;39;15;;;;
;25;33;33;31;23;33;;;;
;31;33;21;19;21;25;;;;
;25;31;19;29;25;31;;;;
;35;27;21;45;37;21;;;;
;43;33;23;39;29;33;;;;
;43;33;29;23;27;27;;;;
;27;25;23;17;25;39;;;;
;31;27;25;33;29;39;;;;
;39;23;21;29;27;27;;;;
;41;27;33;27;33;27;;;;
;29;27;35;43;25;29;;;;
;37;35;23;15;29;35;;;;
;39;35;13;37;21;27;;;;
;41;35;23;21;17;29;;;;
;37;35;29;23;25;23;;;;
;35;37;41;29;31;37;;;;
;41;23;37;37;23;21;;;;
;29;29;39;25;21;27;;;;
;31;25;27;37;29;31;;;;
;29;33;17;27;41;23;;;;
;33;43;41;29;27;33;;;;
;29;27;31;35;23;43;;;;
;39;35;33;33;25;33;;;;
;35;39;23;27;33;37;;;;
;29;37;17;27;29;23;;;;
;35;31;29;45;15;23;;;;
;37;37;39;33;31;23;;;;
;39;27;15;23;27;31;;;;
;27;39;31;33;27;39;;;;
;41;23;33;21;19;23;;;;
;25;21;19;39;25;29;;;;
;33;29;29;29;21;33;;;;
;27;39;31;39;25;25;;;;
;29;27;31;35;35;31;;;;
;43;27;23;31;31;33;;;;
;43;25;29;27;35;35;;;;
;31;33;21;29;41;21;;;;
;39;37;23;33;33;27;;;;
;47;25;41;29;29;21;;;;
;31;35;27;23;25;21;;;;
;23;37;21;37;21;27;;;;
;13;25;29;21;25;31;;;;
;35;27;35;17;21;23;;;;
;39;15;19;29;29;23;;;;
;31;37;35;19;23;19;;;;
;31;23;39;25;31;17;;;;
;29;37;21;33;23;23;;;;
;33;27;41;27;31;25;;;;
;45;33;21;35;25;37;;;;
;29;15;27;33;37;15;;;;
;41;19;25;35;31;19;;;;
;25;19;25;35;29;37;;;;
;39;39;29;29;35;35;;;;
;25;41;23;31;25;25;;;;
;33;33;27;31;17;27;;;;
;27;31;41;35;27;17;;;;
;41;31;19;31;23;31;;;;
;27;33;29;31;21;19;;;;
;41;21;17;29;33;23;;;;
;29;31;19;31;37;21;;;;
;27;37;23;31;29;21;;;;
;15;21;33;37;29;37;;;;
;31;23;31;35;19;31;;;;
;37;31;37;33;13;31;;;;
;45;25;29;39;25;29;;;;
;21;17;27;35;21;31;;;;
;39;29;23;25;25;25;;;;
;39;29;35;25;41;21;;;;
;35;23;25;25;33;29;;;;
;35;37;33;39;23;23;;;;
;47;21;35;23;33;23;;;;
;15;23;25;25;31;23;;;;
;37;11;31;29;25;25;;;;
;41;25;29;29;27;21;;;;
;31;37;37;33;27;23;;;;
;21;21;39;33;25;25;;;;
;35;39;29;31;25;19;;;;
;33;45;37;33;19;27;;;;
;41;21;25;19;43;31;;;;
;37;25;27;27;41;25;;;;
;37;29;35;29;25;37;;;;
;35;21;43;35;15;25;;;;
;29;27;25;33;27;27;;;;
;33;31;29;23;19;21;;;;
;29;35;25;37;33;41;;;;
;33;35;29;25;23;29;;;;
;31;39;29;31;25;21;;;;
;31;35;31;35;15;35;;;;
;37;19;27;29;29;35;;;;
;27;39;33;35;23;23;;;;
;27;31;31;27;37;27;;;;
;25;33;33;41;29;21;;;;
;41;35;31;41;25;29;;;;
;47;27;27;19;27;39;;;;
;25;35;27;37;33;33;;;;
;23;43;47;25;25;35;;;;
;29;15;33;35;29;33;;;;
;37;17;23;27;29;29;;;;
;31;33;39;23;33;43;;;;
;33;17;25;35;29;25;;;;
;47;37;43;25;25;17;;;;
;37;29;27;39;31;33;;;;
;49;41;31;25;27;27;;;;
;37;31;29;43;27;25;;;;
;37;33;23;27;23;33;;;;
;29;37;25;35;27;27;;;;
;39;31;25;29;17;35;;;;
;27;19;29;19;25;25;;;;
;37;11;15;19;19;23;;;;
;35;31;31;31;35;35;;;;
;35;25;25;29;23;25;;;;
;31;39;33;39;29;35;;;;
;35;31;29;29;29;35;;;;
;37;39;11;33;29;33;;;;
;31;37;25;39;25;35;;;;
;27;19;29;27;21;23;;;;
;45;23;45;31;27;41;;;;
;27;27;33;29;33;27;;;;
;27;33;25;27;33;25;;;;
;37;25;49;15;29;41;;;;
;35;29;27;15;35;21;;;;
;39;35;25;41;29;17;;;;
;39;35;43;31;31;19;;;;
;31;31;17;25;33;23;;;;
;39;31;17;31;17;37;;;;
;43;17;27;33;43;27;;;;
;21;13;27;31;25;35;;;;
;39;35;31;33;29;33;;;;
;31;29;23;23;25;25;;;;
;23;23;21;29;29;19;;;;
;31;19;33;29;23;29;;;;
;29;27;33;21;23;13;;;;
;41;23;29;37;31;31;;;;
;23;37;29;27;29;31;;;;
;29;43;33;31;21;19;;;;
;13;39;25;29;35;21;;;;
;35;37;29;27;29;33;;;;
;27;17;15;31;27;27;;;;
;23;31;39;25;27;33;;;;
;33;29;29;17;31;39;;;;
;43;31;29;33;35;25;;;;
;17;33;45;29;43;29;;;;
;33;31;25;31;23;41;;;;
;43;31;19;19;15;33;;;;
;23;27;29;33;27;35;;;;
;33;29;29;37;27;35;;;;
;21;27;35;35;27;23;;;;
;45;29;37;33;33;39;;;;
;25;29;27;41;29;37;;;;
;25;33;23;33;37;17;;;;
;29;35;25;23;19;39;;;;
;31;35;25;19;21;39;;;;
;25;39;19;45;25;37;;;;
;25;19;35;31;33;23;;;;
;27;31;25;35;29;35;;;;
;43;13;33;35;19;35;;;;
;25;23;25;29;35;29;;;;
;31;21;35;43;21;25;;;;
;41;23;29;41;31;25;;;;
;31;31;33;17;25;31;;;;
;31;25;15;25;19;31;;;;
;27;43;31;27;15;37;;;;
;35;31;31;29;27;35;;;;
;39;27;31;31;31;19;;;;
;31;29;43;29;25;;;;;
;23;25;37;35;19;;;;;
;21;25;23;25;29;;;;;
;23;31;29;29;25;;;;;
;35;29;35;23;23;;;;;
;39;35;31;25;27;;;;;
;29;29;33;17;11;;;;;
;27;25;27;35;39;;;;;
;27;23;31;27;27;;;;;
;13;23;31;29;19;;;;;
;31;25;31;29;31;;;;;
;27;31;23;31;33;;;;;
;23;17;31;27;43;;;;;
;37;27;37;23;31;;;;;
;23;29;45;27;27;;;;;
;33;47;35;25;35;;;;;
;33;31;25;27;21;;;;;
;29;45;19;29;29;;;;;
;41;39;23;27;27;;;;;
;33;21;27;27;17;;;;;
;17;19;33;31;17;;;;;
;47;17;35;33;27;;;;;
;27;29;41;25;21;;;;;
;29;33;33;29;13;;;;;
;31;31;35;33;27;;;;;
;33;27;29;31;29;;;;;
;25;31;43;27;25;;;;;
;35;29;31;29;21;;;;;
;37;31;29;27;37;;;;;
;29;43;35;31;29;;;;;
;35;33;29;29;25;;;;;
;41;27;31;27;23;;;;;
;39;19;35;17;21;;;;;
;35;33;37;21;23;;;;;
;33;31;41;33;25;;;;;
;31;37;35;33;29;;;;;
;21;29;31;27;21;;;;;
;35;27;21;23;25;;;;;
;25;33;33;31;21;;;;;
;25;25;37;25;23;;;;;
;45;27;27;31;37;;;;;
;41;43;37;35;19;;;;;
;21;27;25;33;25;;;;;
;25;43;27;25;27;;;;;
;47;33;39;27;37;;;;;
;27;29;29;17;21;;;;;
;35;15;35;29;25;;;;;
;35;43;29;25;27;;;;;
;37;29;31;27;27;;;;;
;35;39;21;23;19;;;;;
;31;21;35;29;27;;;;;
;23;19;23;29;25;;;;;
;35;41;27;27;23;;;;;
;23;39;29;31;25;;;;;
;23;39;31;25;35;;;;;
;43;25;25;27;33;;;;;
;15;45;25;31;27;;;;;
;33;29;31;23;27;;;;;
;27;37;27;23;23;;;;;
;23;31;19;29;33;;;;;
;29;41;31;31;27;;;;;
;23;23;35;17;29;;;;;
;17;39;31;31;35;;;;;
;33;15;17;27;15;;;;;
;35;27;29;21;27;;;;;
;27;27;27;35;29;;;;;
;35;29;39;23;25;;;;;
;23;27;31;27;31;;;;;
;29;19;31;35;27;;;;;
;29;23;37;23;29;;;;;
;31;19;31;43;35;;;;;
;33;29;27;35;27;;;;;
;35;25;27;31;31;;;;;
;11;37;29;33;19;;;;;
;31;35;27;25;25;;;;;
;35;33;15;35;35;;;;;
;35;31;21;29;41;;;;;
;21;25;37;19;37;;;;;
;23;35;27;21;29;;;;;
;25;45;35;33;35;;;;;
;37;37;31;23;33;;;;;
;31;27;35;19;25;;;;;
;31;29;35;27;37;;;;;
;41;35;23;27;33;;;;;
;31;27;19;21;25;;;;;
;39;17;39;37;27;;;;;
;41;23;31;33;19;;;;;
;13;31;37;27;19;;;;;
;37;13;33;23;21;;;;;
;33;25;31;31;33;;;;;
;25;41;15;27;27;;;;;
;29;33;29;23;37;;;;;
;19;35;33;27;39;;;;;
;35;17;19;27;35;;;;;
;13;17;35;33;21;;;;;
;27;19;35;31;27;;;;;
;33;29;37;27;31;;;;;
;25;25;35;29;29;;;;;
;33;33;33;29;23;;;;;
;25;27;27;37;25;;;;;
;35;43;37;25;31;;;;;
;23;39;39;25;35;;;;;
;23;15;33;33;21;;;;;
;31;23;23;35;23;;;;;
;29;25;11;29;29;;;;;
;37;25;19;29;23;;;;;
;27;33;31;27;29;;;;;
;31;33;27;25;31;;;;;
;37;33;19;15;25;;;;;
;37;21;37;27;19;;;;;
;39;25;27;21;33;;;;;
;31;27;33;23;33;;;;;
;33;39;29;27;19;;;;;
;37;33;21;31;29;;;;;
;31;33;31;25;37;;;;;
;31;25;35;27;27;;;;;
;19;47;29;27;31;;;;;
;27;29;21;25;35;;;;;
;31;31;37;23;21;;;;;
;33;31;19;25;23;;;;;
;37;29;25;27;29;;;;;
;21;31;35;43;19;;;;;
;35;21;37;23;33;;;;;
;23;29;27;17;21;;;;;
;31;39;37;35;31;;;;;
;31;25;33;23;35;;;;;
;27;33;23;27;25;;;;;
;29;25;47;23;35;;;;;
;19;27;25;21;31;;;;;
;39;35;27;33;35;;;;;
;35;29;31;29;27;;;;;
;27;23;21;31;21;;;;;
;29;33;33;27;23;;;;;
;29;27;23;23;23;;;;;
;39;35;41;27;37;;;;;
;27;37;17;29;27;;;;;
;37;41;37;29;21;;;;;
;41;35;37;23;37;;;;;
;39;33;43;37;21;;;;;
;29;35;29;29;29;;;;;
;27;45;33;31;25;;;;;
;37;31;35;23;25;;;;;
;33;29;43;27;25;;;;;
;33;23;33;25;41;;;;;
;41;19;35;31;35;;;;;
;37;29;17;19;33;;;;;
;43;37;13;29;37;;;;;
;19;27;27;25;39;;;;;
;45;19;35;25;21;;;;;
;27;35;23;31;25;;;;;
;29;43;29;29;35;;;;;
;19;27;35;29;27;;;;;
;23;43;29;19;21;;;;;
;33;37;39;35;27;;;;;
;29;35;23;11;37;;;;;
;13;29;37;29;31;;;;;
;27;27;15;17;37;;;;;
;25;43;23;31;21;;;;;
;37;29;43;25;25;;;;;
;33;31;35;35;31;;;;;
;39;23;45;15;35;;;;;
;31;27;37;29;37;;;;;
;27;45;17;33;27;;;;;
;33;27;35;31;33;;;;;
;35;33;37;17;17;;;;;
;37;23;41;31;21;;;;;
;43;23;29;29;27;;;;;
;35;31;29;45;17;;;;;
;21;21;29;21;29;;;;;
;33;23;25;37;29;;;;;
;37;15;27;25;27;;;;;
;27;25;29;29;33;;;;;
;19;33;25;35;21;;;;;
;21;35;23;33;35;;;;;
;33;33;33;25;25;;;;;
;35;27;19;35;31;;;;;
;17;33;21;23;35;;;;;
;17;27;21;17;13;;;;;
;31;35;17;19;25;;;;;
;19;29;25;25;25;;;;;
;31;27;19;27;35;;;;;
;19;33;39;27;41;;;;;
;27;23;39;23;31;;;;;
;33;31;29;27;41;;;;;
;33;33;31;23;35;;;;;
;37;25;37;39;41;;;;;
;29;13;27;29;23;;;;;
;33;31;27;27;29;;;;;
;27;27;33;27;31;;;;;
;35;21;39;39;41;;;;;
;37;41;29;33;31;;;;;
;25;19;27;31;33;;;;;
;45;27;41;35;23;;;;;
;31;37;33;27;37;;;;;
;31;19;33;27;35;;;;;
;31;23;25;25;27;;;;;
;39;19;33;33;23;;;;;
;29;27;21;23;35;;;;;
;29;27;31;29;27;;;;;
;45;29;21;31;39;;;;;
;37;31;21;37;25;;;;;
;37;47;45;43;19;;;;;
;47;21;29;33;33;;;;;
;25;45;21;31;29;;;;;
;31;29;25;33;17;;;;;
;31;27;37;31;29;;;;;
;41;31;43;31;31;;;;;
;39;25;33;19;35;;;;;
;47;23;27;29;31;;;;;
;29;25;37;31;25;;;;;
;27;23;33;21;39;;;;;
;31;29;35;29;19;;;;;
;37;27;27;27;23;;;;;
;31;23;37;23;29;;;;;
;33;33;35;33;23;;;;;
;25;27;33;19;37;;;;;
;49;27;13;33;27;;;;;
;33;25;27;23;27;;;;;
;29;31;15;37;23;;;;;
;29;21;33;27;23;;;;;
;29;43;29;27;23;;;;;
;33;27;37;29;23;;;;;
;35;29;29;35;33;;;;;
;27;23;35;29;31;;;;;
;31;39;29;31;23;;;;;
;35;23;33;25;33;;;;;
;35;41;29;35;27;;;;;
;37;25;37;33;27;;;;;
;17;27;21;29;27;;;;;
;31;29;35;33;31;;;;;
;39;19;23;27;37;;;;;
;33;19;23;37;29;;;;;
;25;29;35;35;47;;;;;
;41;21;23;31;29;;;;;
;29;17;29;17;35;;;;;
;21;29;39;23;27;;;;;
;33;31;33;25;35;;;;;
;43;29;29;27;29;;;;;
;25;17;19;33;25;;;;;
;33;35;29;27;37;;;;;
;45;25;33;31;31;;;;;
;35;47;21;31;27;;;;;
;35;19;27;29;27;;;;;
;21;35;47;41;23;;;;;
;37;37;31;29;27;;;;;
;33;23;19;21;23;;;;;
;35;29;41;29;37;;;;;
;39;37;43;25;35;;;;;
;21;31;23;31;27;;;;;
;15;37;29;31;29;;;;;
;23;19;23;29;29;;;;;
;21;33;33;25;19;;;;;
;21;25;43;25;27;;;;;
;27;33;33;25;37;;;;;
;33;45;29;31;35;;;;;
;21;31;39;35;29;;;;;
;31;23;37;35;45;;;;;
;35;33;27;25;37;;;;;
;37;45;21;29;35;;;;;
;39;25;39;15;27;;;;;
;27;27;31;29;37;;;;;
;35;29;23;25;35;;;;;
;27;27;23;25;33;;;;;
;31;29;27;37;27;;;;;
;31;27;31;33;19;;;;;
;25;29;31;27;49;;;;;
;37;23;39;29;21;;;;;
;37;21;37;37;21;;;;;
;25;23;35;31;41;;;;;
;21;31;35;29;43;;;;;
;25;31;19;29;23;;;;;
;23;21;21;23;27;;;;;
;49;25;21;19;29;;;;;
;35;25;43;29;23;;;;;
;41;21;35;25;29;;;;;
;35;39;33;27;27;;;;;
;29;25;39;35;43;;;;;
;41;23;25;39;31;;;;;
;25;19;37;29;25;;;;;
;31;29;33;27;23;;;;;
;35;41;27;23;23;;;;;
;27;33;31;33;23;;;;;
;31;17;41;37;23;;;;;
;23;25;33;27;27;;;;;
;31;21;43;25;19;;;;;
;35;31;35;23;33;;;;;
;33;41;33;21;19;;;;;
;39;33;27;33;29;;;;;
;33;21;29;21;27;;;;;
;29;19;31;27;35;;;;;
;29;25;33;29;23;;;;;
;27;35;33;25;23;;;;;
;41;33;17;31;21;;;;;
;33;33;31;37;27;;;;;
;27;23;33;33;25;;;;;
;19;49;23;29;39;;;;;
;43;33;31;31;25;;;;;
;41;27;35;17;39;;;;;
;39;37;29;25;;;;;;
;29;35;35;27;;;;;;
;19;31;35;39;;;;;;
;33;37;19;23;;;;;;
;39;17;19;21;;;;;;
;25;29;25;37;;;;;;
;35;31;27;21;;;;;;
;25;23;29;37;;;;;;
;19;35;31;29;;;;;;
;19;31;23;35;;;;;;
;23;37;25;29;;;;;;
;37;33;27;35;;;;;;
;39;35;31;31;;;;;;
;41;33;25;27;;;;;;
;25;31;27;31;;;;;;
;23;47;29;31;;;;;;
;43;19;29;21;;;;;;
;25;43;27;37;;;;;;
;41;41;35;41;;;;;;
;27;21;29;31;;;;;;
;37;25;31;27;;;;;;
;23;31;31;31;;;;;;
;21;39;29;31;;;;;;
;21;19;29;29;;;;;;
;31;23;35;25;;;;;;
;37;45;33;45;;;;;;
;25;39;45;15;;;;;;
;21;17;31;23;;;;;;
;27;31;29;25;;;;;;
;27;31;29;23;;;;;;
;15;27;35;27;;;;;;
;41;33;25;39;;;;;;
;31;35;31;43;;;;;;
;25;33;33;23;;;;;;
;35;29;37;33;;;;;;
;27;31;21;25;;;;;;
;23;29;21;43;;;;;;
;29;39;31;29;;;;;;
;23;29;27;27;;;;;;
;35;29;31;17;;;;;;
;15;41;33;23;;;;;;
;21;31;27;21;;;;;;
;25;29;37;33;;;;;;
;33;31;33;39;;;;;;
;33;29;21;25;;;;;;
;27;25;27;27;;;;;;
;27;35;29;25;;;;;;
;33;33;17;29;;;;;;
;47;27;31;41;;;;;;
;33;37;33;23;;;;;;
;35;21;31;33;;;;;;
;25;47;31;23;;;;;;
;19;39;25;31;;;;;;
;29;35;31;39;;;;;;
;39;35;35;39;;;;;;
;45;19;21;39;;;;;;
;29;25;45;21;;;;;;
;23;29;33;31;;;;;;
;21;15;37;27;;;;;;
;33;37;19;21;;;;;;
;29;25;23;45;;;;;;
;33;15;21;31;;;;;;
;33;41;33;25;;;;;;
;29;45;27;23;;;;;;
;27;33;17;15;;;;;;
;17;29;21;25;;;;;;
;49;37;21;21;;;;;;
;29;35;31;25;;;;;;
;23;37;25;25;;;;;;
;27;25;31;31;;;;;;
;27;35;35;29;;;;;;
;27;33;31;37;;;;;;
;31;35;21;39;;;;;;
;21;35;31;31;;;;;;
;29;41;25;25;;;;;;
;45;33;37;19;;;;;;
;13;23;29;23;;;;;;
;31;25;19;23;;;;;;
;19;37;35;23;;;;;;
;31;33;23;23;;;;;;
;31;33;25;35;;;;;;
;35;41;37;27;;;;;;
;35;19;33;25;;;;;;
;23;41;35;41;;;;;;
;21;33;19;29;;;;;;
;23;21;29;37;;;;;;
;33;31;25;29;;;;;;
;25;19;25;31;;;;;;
;31;27;27;21;;;;;;
;31;35;27;21;;;;;;
;31;27;15;29;;;;;;
;25;29;27;25;;;;;;
;35;39;29;27;;;;;;
;31;41;31;31;;;;;;
;41;19;33;35;;;;;;
;25;43;35;33;;;;;;
;25;37;33;37;;;;;;
;31;31;31;29;;;;;;
;41;31;29;51;;;;;;
;37;27;27;33;;;;;;
;25;35;21;31;;;;;;
;19;31;25;37;;;;;;
;27;27;23;21;;;;;;
;27;33;27;27;;;;;;
;25;29;25;25;;;;;;
;27;13;23;37;;;;;;
;33;15;33;29;;;;;;
;23;29;29;19;;;;;;
;33;33;33;31;;;;;;
;17;41;33;19;;;;;;
;29;35;35;27;;;;;;
;37;23;27;43;;;;;;
;39;23;17;27;;;;;;
;29;17;19;31;;;;;;
;15;19;25;25;;;;;;
;39;37;27;27;;;;;;
;29;31;29;25;;;;;;
;21;23;29;19;;;;;;
;45;29;29;31;;;;;;
;29;31;27;31;;;;;;
;27;15;17;17;;;;;;
;23;35;27;23;;;;;;
;27;29;19;25;;;;;;
;39;41;31;23;;;;;;
;35;37;27;35;;;;;;
;31;27;29;33;;;;;;
;35;39;25;39;;;;;;
;31;21;25;35;;;;;;
;31;21;39;25;;;;;;
;25;35;33;19;;;;;;
;31;31;35;39;;;;;;
;17;27;33;37;;;;;;
;27;23;31;37;;;;;;
;19;29;31;21;;;;;;
;29;41;31;21;;;;;;
;25;37;33;21;;;;;;
;37;27;39;29;;;;;;
;23;29;31;27;;;;;;
;35;29;19;31;;;;;;
;27;27;31;27;;;;;;
;37;37;33;23;;;;;;
;27;43;29;21;;;;;;
;37;37;29;23;;;;;;
;25;33;23;27;;;;;;
;29;45;29;25;;;;;;
;39;33;29;25;;;;;;
;31;37;37;21;;;;;;
;27;29;31;35;;;;;;
;33;29;29;29;;;;;;
;29;17;23;33;;;;;;
;23;33;31;39;;;;;;
;29;23;35;39;;;;;;
;17;25;35;25;;;;;;
;29;21;37;19;;;;;;
;21;31;25;35;;;;;;
;23;33;41;35;;;;;;
;33;29;23;25;;;;;;
;27;43;31;31;;;;;;
;35;31;27;41;;;;;;
;27;33;31;27;;;;;;
;27;45;37;41;;;;;;
;29;35;31;37;;;;;;
;47;19;29;27;;;;;;
;39;31;23;29;;;;;;
;25;35;19;35;;;;;;
;19;31;19;37;;;;;;
;25;33;27;35;;;;;;
;29;25;33;53;;;;;;
;47;35;9;25;;;;;;
;31;35;47;23;;;;;;
;29;27;31;33;;;;;;
;31;17;43;25;;;;;;
;37;29;33;21;;;;;;
;27;23;39;33;;;;;;
;49;23;29;23;;;;;;
;23;33;35;31;;;;;;
;43;31;27;17;;;;;;
;27;37;31;25;;;;;;
;35;35;27;35;;;;;;
;37;27;19;31;;;;;;
;21;45;35;27;;;;;;
;45;35;37;37;;;;;;
;19;21;35;39;;;;;;
;31;37;25;33;;;;;;
;39;23;33;31;;;;;;
;33;35;37;33;;;;;;
;31;31;21;29;;;;;;
;41;39;23;27;;;;;;
;21;41;31;39;;;;;;
;19;27;15;39;;;;;;
;39;25;33;39;;;;;;
;45;39;33;29;;;;;;
;33;27;17;29;;;;;;
;31;29;25;23;;;;;;
;43;21;23;31;;;;;;
;25;35;31;37;;;;;;
;31;41;25;19;;;;;;
;29;31;27;29;;;;;;
;33;37;33;29;;;;;;
;25;29;29;21;;;;;;
;23;31;27;23;;;;;;
;45;31;33;25;;;;;;
;31;21;27;15;;;;;;
;39;47;17;41;;;;;;
;25;31;27;25;;;;;;
;25;33;31;37;;;;;;
;31;35;33;21;;;;;;
;29;33;27;21;;;;;;
;31;45;27;31;;;;;;
;27;39;35;29;;;;;;
;41;17;31;27;;;;;;
;45;49;23;21;;;;;;
;31;37;27;23;;;;;;
;17;33;27;27;;;;;;
;33;37;35;29;;;;;;
;39;27;37;29;;;;;;
;29;41;37;25;;;;;;
;41;21;23;23;;;;;;
;29;45;27;21;;;;;;
;35;37;33;21;;;;;;
;31;41;13;31;;;;;;
;33;33;31;27;;;;;;
;25;33;21;15;;;;;;
;29;25;27;31;;;;;;
;31;29;31;39;;;;;;
;31;27;25;17;;;;;;
;23;39;37;41;;;;;;
;27;39;33;27;;;;;;
;23;35;27;27;;;;;;
;31;33;29;27;;;;;;
;33;29;35;25;;;;;;
;31;39;27;43;;;;;;
;37;33;35;33;;;;;;
;27;37;29;31;;;;;;
;23;15;31;29;;;;;;
;33;33;33;35;;;;;;
;27;31;37;29;;;;;;
;33;29;31;29;;;;;;
;31;35;17;27;;;;;;
;29;25;23;37;;;;;;
;33;29;15;25;;;;;;
;29;23;21;27;;;;;;
;35;25;27;27;;;;;;
;27;31;33;39;;;;;;
;27;31;49;23;;;;;;
;27;31;25;19;;;;;;
;33;29;25;35;;;;;;
;29;17;43;25;;;;;;
;39;23;27;23;;;;;;
;35;31;15;37;;;;;;
;31;21;29;21;;;;;;
;23;23;25;23;;;;;;
;33;37;29;29;;;;;;
;31;19;27;25;;;;;;
;31;23;27;41;;;;;;
;33;19;27;51;;;;;;
;25;35;23;41;;;;;;
;45;33;39;27;;;;;;
;33;37;19;27;;;;;;
;29;29;35;33;;;;;;
;25;29;17;29;;;;;;
;21;25;17;39;;;;;;
;39;31;37;17;;;;;;
;43;33;45;29;;;;;;
;43;35;33;29;;;;;;
;41;27;29;29;;;;;;
;29;35;39;35;;;;;;
;35;43;41;33;;;;;;
;25;29;29;37;;;;;;
;33;31;29;21;;;;;;
;35;47;31;31;;;;;;
;23;37;23;25;;;;;;
;35;23;35;29;;;;;;
;29;37;19;33;;;;;;
;31;35;35;43;;;;;;
;33;29;19;41;;;;;;
;35;27;33;29;;;;;;
;27;21;35;45;;;;;;
;37;21;29;31;;;;;;
;27;41;45;31;;;;;;
;41;21;33;33;;;;;;
;21;33;33;33;;;;;;
;29;43;23;27;;;;;;
;31;23;37;35;;;;;;
;41;39;39;21;;;;;;
;33;39;29;25;;;;;;
;29;37;25;29;;;;;;
;23;27;21;29;;;;;;
;27;25;29;33;;;;;;
;33;37;33;27;;;;;;
;33;31;31;37;;;;;;
;27;27;31;31;;;;;;
;21;29;23;31;;;;;;
;35;27;39;29;;;;;;
;19;35;29;33;;;;;;
;27;37;31;17;;;;;;
;27;25;29;29;;;;;;
;25;15;37;;;;;;;
;25;35;33;;;;;;;
;43;29;21;;;;;;;
;29;35;23;;;;;;;
;45;29;37;;;;;;;
;39;27;35;;;;;;;
;33;19;21;;;;;;;
;31;27;23;;;;;;;
;31;25;25;;;;;;;
;27;37;31;;;;;;;
;21;25;37;;;;;;;
;17;35;19;;;;;;;
;21;37;21;;;;;;;
;31;23;29;;;;;;;
;35;33;35;;;;;;;
;23;29;17;;;;;;;
;37;31;37;;;;;;;
;37;25;27;;;;;;;
;27;27;27;;;;;;;
;37;33;31;;;;;;;
;37;31;29;;;;;;;
;41;33;35;;;;;;;
;31;23;41;;;;;;;
;43;33;25;;;;;;;
;35;37;29;;;;;;;
;31;25;27;;;;;;;
;35;25;31;;;;;;;
;35;31;23;;;;;;;
;37;31;15;;;;;;;
;25;35;41;;;;;;;
;33;27;35;;;;;;;
;23;21;27;;;;;;;
;45;19;31;;;;;;;
;25;23;27;;;;;;;
;25;23;29;;;;;;;
;13;29;19;;;;;;;
;49;31;29;;;;;;;
;37;29;43;;;;;;;
;37;27;17;;;;;;;
;31;37;43;;;;;;;
;25;27;33;;;;;;;
;29;35;33;;;;;;;
;43;35;33;;;;;;;
;27;35;17;;;;;;;
;31;33;31;;;;;;;
;39;21;37;;;;;;;
;23;29;19;;;;;;;
;35;33;23;;;;;;;
;37;25;39;;;;;;;
;33;37;25;;;;;;;
;27;25;35;;;;;;;
;29;27;39;;;;;;;
;37;23;23;;;;;;;
;37;31;23;;;;;;;
;37;37;29;;;;;;;
;31;23;27;;;;;;;
;21;33;25;;;;;;;
;31;35;33;;;;;;;
;31;27;27;;;;;;;
;31;31;31;;;;;;;
;25;29;27;;;;;;;
;31;31;29;;;;;;;
;31;37;35;;;;;;;
;33;19;27;;;;;;;
;33;25;37;;;;;;;
;43;31;29;;;;;;;
;39;31;25;;;;;;;
;19;25;25;;;;;;;
;35;19;31;;;;;;;
;29;31;23;;;;;;;
;39;23;33;;;;;;;
;37;37;29;;;;;;;
;37;37;37;;;;;;;
;21;31;35;;;;;;;
;31;29;21;;;;;;;
;29;29;43;;;;;;;
;39;27;39;;;;;;;
;23;35;31;;;;;;;
;19;23;39;;;;;;;
;39;21;27;;;;;;;
;31;39;25;;;;;;;
;21;25;33;;;;;;;
;43;27;37;;;;;;;
;35;29;37;;;;;;;
;33;31;23;;;;;;;
;23;23;41;;;;;;;
;27;29;19;;;;;;;
;31;27;43;;;;;;;
;25;23;29;;;;;;;
;35;23;23;;;;;;;
;43;31;37;;;;;;;
;31;27;35;;;;;;;
;29;31;17;;;;;;;
;27;31;37;;;;;;;
;39;31;27;;;;;;;
;45;25;35;;;;;;;
;21;23;23;;;;;;;
;35;35;29;;;;;;;
;29;27;27;;;;;;;
;19;27;17;;;;;;;
;33;45;25;;;;;;;
;37;25;29;;;;;;;
;23;21;37;;;;;;;
;45;39;39;;;;;;;
;47;31;27;;;;;;;
;31;27;29;;;;;;;
;35;23;29;;;;;;;
;33;35;33;;;;;;;
;43;37;29;;;;;;;
;39;35;35;;;;;;;
;33;25;41;;;;;;;
;31;37;17;;;;;;;
;37;35;25;;;;;;;
;33;29;19;;;;;;;
;35;41;41;;;;;;;
;37;27;27;;;;;;;
;27;25;27;;;;;;;
;43;33;35;;;;;;;
;33;31;25;;;;;;;
;31;27;35;;;;;;;
;31;31;23;;;;;;;
;39;23;25;;;;;;;
;25;27;17;;;;;;;
;35;27;29;;;;;;;
;37;29;35;;;;;;;
;21;35;27;;;;;;;
;35;31;33;;;;;;;
;33;23;23;;;;;;;
;29;21;45;;;;;;;
;25;35;25;;;;;;;
;27;29;25;;;;;;;
;43;39;45;;;;;;;
;39;31;37;;;;;;;
;33;29;27;;;;;;;
;39;25;29;;;;;;;
;19;21;31;;;;;;;
;33;35;39;;;;;;;
;37;37;37;;;;;;;
;33;23;27;;;;;;;
;35;25;37;;;;;;;
;27;31;35;;;;;;;
;21;41;19;;;;;;;
;39;27;43;;;;;;;
;37;19;23;;;;;;;
;33;41;31;;;;;;;
;29;25;35;;;;;;;
;31;23;37;;;;;;;
;39;47;27;;;;;;;
;19;19;35;;;;;;;
;47;29;47;;;;;;;
;33;31;23;;;;;;;
;35;31;31;;;;;;;
;37;27;31;;;;;;;
;21;31;29;;;;;;;
;37;21;31;;;;;;;
;39;29;23;;;;;;;
;45;29;37;;;;;;;
;41;27;31;;;;;;;
;33;31;37;;;;;;;
;13;31;37;;;;;;;
;29;25;25;;;;;;;
;23;29;33;;;;;;;
;35;33;37;;;;;;;
;41;33;41;;;;;;;
;35;29;31;;;;;;;
;29;33;27;;;;;;;
;19;29;43;;;;;;;
;37;25;25;;;;;;;
;37;43;17;;;;;;;
;39;29;27;;;;;;;
;25;31;23;;;;;;;
;37;31;29;;;;;;;
;23;21;25;;;;;;;
;35;33;41;;;;;;;
;37;27;33;;;;;;;
;31;17;33;;;;;;;
;23;35;31;;;;;;;
;33;29;29;;;;;;;
;23;25;35;;;;;;;
;33;31;33;;;;;;;
;25;21;47;;;;;;;
;23;29;31;;;;;;;
;41;19;31;;;;;;;
;33;27;25;;;;;;;
;29;37;21;;;;;;;
;25;29;45;;;;;;;
;43;27;27;;;;;;;
;45;19;21;;;;;;;
;19;21;31;;;;;;;
;29;29;43;;;;;;;
;33;25;31;;;;;;;
;35;23;31;;;;;;;
;35;29;33;;;;;;;
;27;39;25;;;;;;;
;35;27;41;;;;;;;
;35;21;33;;;;;;;
;13;27;31;;;;;;;
;31;39;39;;;;;;;
;37;33;29;;;;;;;
;21;19;29;;;;;;;
;29;31;29;;;;;;;
;31;29;29;;;;;;;
;43;31;55;;;;;;;
;25;39;35;;;;;;;
;35;27;21;;;;;;;
;45;29;19;;;;;;;
;39;35;41;;;;;;;
;29;29;37;;;;;;;
;31;27;25;;;;;;;
;39;29;41;;;;;;;
;27;35;35;;;;;;;
;29;27;23;;;;;;;
;47;21;21;;;;;;;
;41;25;21;;;;;;;
;37;35;25;;;;;;;
;43;31;35;;;;;;;
;29;33;33;;;;;;;
;43;33;29;;;;;;;
;29;21;41;;;;;;;
;29;23;21;;;;;;;
;39;35;35;;;;;;;
;35;27;41;;;;;;;
;31;31;23;;;;;;;
;33;37;15;;;;;;;
;27;27;25;;;;;;;
;37;19;43;;;;;;;
;25;15;41;;;;;;;
;39;31;21;;;;;;;
;31;33;25;;;;;;;
;39;33;29;;;;;;;
;41;35;25;;;;;;;
;33;31;25;;;;;;;
;23;43;13;;;;;;;
;31;19;25;;;;;;;
;35;33;23;;;;;;;
;27;27;21;;;;;;;
;33;21;15;;;;;;;
;33;31;39;;;;;;;
;37;27;41;;;;;;;
;21;29;25;;;;;;;
;25;33;23;;;;;;;
;35;27;27;;;;;;;
;39;33;31;;;;;;;
;33;31;23;;;;;;;
;27;21;25;;;;;;;
;31;29;27;;;;;;;
;37;27;19;;;;;;;
;29;29;25;;;;;;;
;25;27;37;;;;;;;
;29;35;33;;;;;;;
;35;29;43;;;;;;;
;21;27;29;;;;;;;
;25;33;37;;;;;;;
;31;33;25;;;;;;;
;35;29;37;;;;;;;
;35;31;35;;;;;;;
;27;31;33;;;;;;;
;43;35;39;;;;;;;
;31;33;23;;;;;;;
;37;31;29;;;;;;;
;31;27;35;;;;;;;
;33;33;23;;;;;;;
;29;29;29;;;;;;;
;35;17;31;;;;;;;
;45;37;31;;;;;;;
;29;19;27;;;;;;;
;37;25;29;;;;;;;
;39;37;27;;;;;;;
;37;21;39;;;;;;;
;23;33;21;;;;;;;
;31;25;25;;;;;;;
;33;25;31;;;;;;;
;35;27;33;;;;;;;
;23;33;43;;;;;;;
;35;25;37;;;;;;;
;23;35;23;;;;;;;
;21;25;35;;;;;;;
;37;27;31;;;;;;;
;35;25;25;;;;;;;
;19;39;31;;;;;;;
;13;33;39;;;;;;;
;31;37;23;;;;;;;
;15;33;21;;;;;;;
;27;23;33;;;;;;;
;29;43;31;;;;;;;
;29;31;33;;;;;;;
;39;25;31;;;;;;;
;29;29;31;;;;;;;
;49;21;31;;;;;;;
;35;27;23;;;;;;;
;25;23;35;;;;;;;
;27;31;37;;;;;;;
;27;33;37;;;;;;;
;27;27;25;;;;;;;
;33;17;33;;;;;;;
;37;51;29;;;;;;;
;37;37;39;;;;;;;
;39;25;25;;;;;;;
;25;37;;;;;;;;
;35;25;;;;;;;;
;37;25;;;;;;;;
;19;29;;;;;;;;
;29;31;;;;;;;;
;23;33;;;;;;;;
;35;25;;;;;;;;
;27;23;;;;;;;;
;35;33;;;;;;;;
;35;29;;;;;;;;
;35;27;;;;;;;;
;27;29;;;;;;;;
;21;25;;;;;;;;
;27;21;;;;;;;;
;37;31;;;;;;;;
;41;37;;;;;;;;
;23;27;;;;;;;;
;33;33;;;;;;;;
;25;21;;;;;;;;
;25;37;;;;;;;;
;29;31;;;;;;;;
;23;25;;;;;;;;
;39;23;;;;;;;;
;35;39;;;;;;;;
;33;41;;;;;;;;
;33;23;;;;;;;;
;25;21;;;;;;;;
;39;15;;;;;;;;
;31;21;;;;;;;;
;35;45;;;;;;;;
;25;35;;;;;;;;
;33;39;;;;;;;;
;29;19;;;;;;;;
;27;27;;;;;;;;
;29;29;;;;;;;;
;27;31;;;;;;;;
;21;33;;;;;;;;
;43;41;;;;;;;;
;31;31;;;;;;;;
;25;33;;;;;;;;
;31;27;;;;;;;;
;35;27;;;;;;;;
;29;29;;;;;;;;
;31;27;;;;;;;;
;35;35;;;;;;;;
;49;31;;;;;;;;
;33;25;;;;;;;;
;31;35;;;;;;;;
;27;23;;;;;;;;
;41;37;;;;;;;;
;35;29;;;;;;;;
;23;39;;;;;;;;
;39;27;;;;;;;;
;29;43;;;;;;;;
;27;19;;;;;;;;
;33;25;;;;;;;;
;33;25;;;;;;;;
;29;33;;;;;;;;
;35;25;;;;;;;;
;31;39;;;;;;;;
;27;27;;;;;;;;
;31;27;;;;;;;;
;29;37;;;;;;;;
;19;37;;;;;;;;
;39;25;;;;;;;;
;29;35;;;;;;;;
;29;37;;;;;;;;
;27;31;;;;;;;;
;31;29;;;;;;;;
;41;39;;;;;;;;
;33;29;;;;;;;;
;29;21;;;;;;;;
;41;37;;;;;;;;
;31;27;;;;;;;;
;23;31;;;;;;;;
;25;39;;;;;;;;
;17;35;;;;;;;;
;27;23;;;;;;;;
;27;23;;;;;;;;
;35;33;;;;;;;;
;33;29;;;;;;;;
;37;27;;;;;;;;
;25;39;;;;;;;;
;47;31;;;;;;;;
;29;35;;;;;;;;
;25;21;;;;;;;;
;31;37;;;;;;;;
;47;33;;;;;;;;
;29;27;;;;;;;;
;41;37;;;;;;;;
;35;23;;;;;;;;
;31;35;;;;;;;;
;23;27;;;;;;;;
;31;29;;;;;;;;
;29;31;;;;;;;;
;37;45;;;;;;;;
;43;21;;;;;;;;
;31;35;;;;;;;;
;19;23;;;;;;;;
;21;29;;;;;;;;
;31;37;;;;;;;;
;33;23;;;;;;;;
;41;29;;;;;;;;
;31;37;;;;;;;;
;25;37;;;;;;;;
;35;23;;;;;;;;
;25;27;;;;;;;;
;27;27;;;;;;;;
;23;33;;;;;;;;
;13;39;;;;;;;;
;45;25;;;;;;;;
;35;25;;;;;;;;
;33;21;;;;;;;;
;29;37;;;;;;;;
;27;27;;;;;;;;
;29;19;;;;;;;;
;27;45;;;;;;;;
;27;31;;;;;;;;
;27;23;;;;;;;;
;29;29;;;;;;;;
;33;39;;;;;;;;
;25;17;;;;;;;;
;43;17;;;;;;;;
;19;27;;;;;;;;
;35;37;;;;;;;;
;33;27;;;;;;;;
;27;27;;;;;;;;
;27;29;;;;;;;;
;29;31;;;;;;;;
;25;29;;;;;;;;
;23;35;;;;;;;;
;45;25;;;;;;;;
;35;25;;;;;;;;
;19;27;;;;;;;;
;17;31;;;;;;;;
;27;45;;;;;;;;
;17;29;;;;;;;;
;21;25;;;;;;;;
;33;25;;;;;;;;
;35;31;;;;;;;;
;35;21;;;;;;;;
;23;21;;;;;;;;
;37;21;;;;;;;;
;27;27;;;;;;;;
;15;31;;;;;;;;
;39;35;;;;;;;;
;37;23;;;;;;;;
;39;33;;;;;;;;
;19;23;;;;;;;;
;35;33;;;;;;;;
;35;35;;;;;;;;
;33;39;;;;;;;;
;21;37;;;;;;;;
;31;31;;;;;;;;
;31;27;;;;;;;;
;27;33;;;;;;;;
;33;27;;;;;;;;
;39;29;;;;;;;;
;29;37;;;;;;;;
;29;39;;;;;;;;
;33;29;;;;;;;;
;29;15;;;;;;;;
;35;29;;;;;;;;
;43;15;;;;;;;;
;21;41;;;;;;;;
;29;45;;;;;;;;
;35;33;;;;;;;;
;31;33;;;;;;;;
;33;37;;;;;;;;
;39;29;;;;;;;;
;27;27;;;;;;;;
;27;35;;;;;;;;
;27;23;;;;;;;;
;27;39;;;;;;;;
;17;29;;;;;;;;
;31;19;;;;;;;;
;37;31;;;;;;;;
;23;39;;;;;;;;
;29;37;;;;;;;;
;31;29;;;;;;;;
;33;31;;;;;;;;
;33;23;;;;;;;;
;23;33;;;;;;;;
;27;31;;;;;;;;
;39;37;;;;;;;;
;19;39;;;;;;;;
;35;25;;;;;;;;
;25;49;;;;;;;;
;31;29;;;;;;;;
;37;31;;;;;;;;
;31;29;;;;;;;;
;17;39;;;;;;;;
;23;27;;;;;;;;
;41;37;;;;;;;;
;23;27;;;;;;;;
;35;41;;;;;;;;
;25;37;;;;;;;;
;23;25;;;;;;;;
;25;25;;;;;;;;
;29;31;;;;;;;;
;29;29;;;;;;;;
;43;29;;;;;;;;
;35;31;;;;;;;;
;31;19;;;;;;;;
;27;35;;;;;;;;
;35;33;;;;;;;;
;41;43;;;;;;;;
;43;21;;;;;;;;
;37;39;;;;;;;;
;37;27;;;;;;;;
;19;25;;;;;;;;
;33;31;;;;;;;;
;29;27;;;;;;;;
;19;29;;;;;;;;
;27;37;;;;;;;;
;35;19;;;;;;;;
;37;29;;;;;;;;
;25;29;;;;;;;;
;23;39;;;;;;;;
;33;37;;;;;;;;
;25;39;;;;;;;;
;35;39;;;;;;;;
;21;33;;;;;;;;
;27;25;;;;;;;;
;21;17;;;;;;;;
;21;33;;;;;;;;
;31;39;;;;;;;;
;31;53;;;;;;;;
;35;31;;;;;;;;
;35;23;;;;;;;;
;41;23;;;;;;;;
;27;37;;;;;;;;
;35;39;;;;;;;;
;23;35;;;;;;;;
;39;45;;;;;;;;
;39;35;;;;;;;;
;37;25;;;;;;;;
;35;25;;;;;;;;
;29;33;;;;;;;;
;35;29;;;;;;;;
;33;27;;;;;;;;
;31;31;;;;;;;;
;33;39;;;;;;;;
;41;27;;;;;;;;
;35;37;;;;;;;;
;31;33;;;;;;;;
;19;41;;;;;;;;
;31;31;;;;;;;;
;29;27;;;;;;;;
;29;23;;;;;;;;
;25;27;;;;;;;;
;29;33;;;;;;;;
;25;39;;;;;;;;
;39;25;;;;;;;;
;33;33;;;;;;;;
;37;25;;;;;;;;
;35;31;;;;;;;;
;39;33;;;;;;;;
;27;45;;;;;;;;
;25;27;;;;;;;;
;25;29;;;;;;;;
;29;37;;;;;;;;
;31;25;;;;;;;;
;31;33;;;;;;;;
;43;43;;;;;;;;
;45;27;;;;;;;;
;27;29;;;;;;;;
;29;23;;;;;;;;
;31;31;;;;;;;;
;29;43;;;;;;;;
;35;27;;;;;;;;
;27;35;;;;;;;;
;37;35;;;;;;;;
;27;41;;;;;;;;
;37;25;;;;;;;;
;31;43;;;;;;;;
;39;21;;;;;;;;
;27;31;;;;;;;;
;31;27;;;;;;;;
;31;33;;;;;;;;
;25;35;;;;;;;;
;25;53;;;;;;;;
;25;23;;;;;;;;
;33;25;;;;;;;;
;25;25;;;;;;;;
;43;25;;;;;;;;
;29;29;;;;;;;;
;29;25;;;;;;;;
;45;17;;;;;;;;
;33;21;;;;;;;;
;29;25;;;;;;;;
;27;33;;;;;;;;
;27;29;;;;;;;;
;25;21;;;;;;;;
;39;39;;;;;;;;
;29;31;;;;;;;;
;23;31;;;;;;;;
;29;;;;;;;;;
;33;;;;;;;;;
;45;;;;;;;;;
;25;;;;;;;;;
;37;;;;;;;;;
;45;;;;;;;;;
;33;;;;;;;;;
;37;;;;;;;;;
;29;;;;;;;;;
;35;;;;;;;;;
;25;;;;;;;;;
;39;;;;;;;;;
;33;;;;;;;;;
;29;;;;;;;;;
;35;;;;;;;;;
;39;;;;;;;;;
;21;;;;;;;;;
;27;;;;;;;;;
;21;;;;;;;;;
;35;;;;;;;;;
;33;;;;;;;;;
;31;;;;;;;;;
;25;;;;;;;;;
;23;;;;;;;;;
;35;;;;;;;;;
;35;;;;;;;;;
;33;;;;;;;;;
;37;;;;;;;;;
;33;;;;;;;;;
;37;;;;;;;;;
;33;;;;;;;;;
;31;;;;;;;;;
;23;;;;;;;;;
;23;;;;;;;;;
;41;;;;;;;;;
;21;;;;;;;;;
;39;;;;;;;;;
;15;;;;;;;;;
;17;;;;;;;;;
;51;;;;;;;;;
;35;;;;;;;;;
;29;;;;;;;;;
;33;;;;;;;;;
;35;;;;;;;;;
;27;;;;;;;;;
;35;;;;;;;;;
;47;;;;;;;;;
;43;;;;;;;;;
;43;;;;;;;;;
;27;;;;;;;;;
;25;;;;;;;;;
;31;;;;;;;;;
;35;;;;;;;;;
;31;;;;;;;;;
;21;;;;;;;;;
;41;;;;;;;;;
;19;;;;;;;;;
;33;;;;;;;;;
;45;;;;;;;;;
;33;;;;;;;;;
;33;;;;;;;;;
;29;;;;;;;;;
;41;;;;;;;;;
;47;;;;;;;;;
;37;;;;;;;;;
;41;;;;;;;;;
;33;;;;;;;;;
;35;;;;;;;;;
;31;;;;;;;;;
;25;;;;;;;;;
;33;;;;;;;;;
;33;;;;;;;;;
;17;;;;;;;;;
;31;;;;;;;;;
;43;;;;;;;;;
;25;;;;;;;;;
;35;;;;;;;;;
;37;;;;;;;;;
;37;;;;;;;;;
;31;;;;;;;;;
;15;;;;;;;;;
;27;;;;;;;;;
;45;;;;;;;;;
;27;;;;;;;;;
;57;;;;;;;;;
;31;;;;;;;;;
;39;;;;;;;;;
;29;;;;;;;;;
;23;;;;;;;;;
;19;;;;;;;;;
;29;;;;;;;;;
;35;;;;;;;;;
;25;;;;;;;;;
;23;;;;;;;;;
;37;;;;;;;;;
;27;;;;;;;;;
;35;;;;;;;;;
;33;;;;;;;;;
;31;;;;;;;;;
;31;;;;;;;;;
;19;;;;;;;;;
;41;;;;;;;;;
;25;;;;;;;;;
;31;;;;;;;;;
;23;;;;;;;;;
;37;;;;;;;;;
;17;;;;;;;;;
;27;;;;;;;;;
;31;;;;;;;;;
;35;;;;;;;;;
;35;;;;;;;;;
;37;;;;;;;;;
;31;;;;;;;;;
;17;;;;;;;;;
;29;;;;;;;;;
;37;;;;;;;;;
;35;;;;;;;;;
;25;;;;;;;;;
;39;;;;;;;;;
;21;;;;;;;;;
;37;;;;;;;;;
;27;;;;;;;;;
;29;;;;;;;;;
;35;;;;;;;;;
;29;;;;;;;;;
;23;;;;;;;;;
;39;;;;;;;;;
;25;;;;;;;;;
;21;;;;;;;;;
;23;;;;;;;;;
;41;;;;;;;;;
;23;;;;;;;;;
;33;;;;;;;;;
;21;;;;;;;;;
;37;;;;;;;;;
;13;;;;;;;;;
;23;;;;;;;;;
;29;;;;;;;;;
;29;;;;;;;;;
;33;;;;;;;;;
;25;;;;;;;;;
;27;;;;;;;;;
;35;;;;;;;;;
;33;;;;;;;;;
;39;;;;;;;;;
;27;;;;;;;;;
;23;;;;;;;;;
;37;;;;;;;;;
;33;;;;;;;;;
;27;;;;;;;;;
;45;;;;;;;;;
;23;;;;;;;;;
;23;;;;;;;;;
;33;;;;;;;;;
;31;;;;;;;;;
;35;;;;;;;;;
;17;;;;;;;;;
;29;;;;;;;;;
;37;;;;;;;;;
;19;;;;;;;;;
;29;;;;;;;;;
;31;;;;;;;;;
;19;;;;;;;;;
;25;;;;;;;;;
;21;;;;;;;;;
;41;;;;;;;;;
;29;;;;;;;;;
;21;;;;;;;;;
;41;;;;;;;;;
;39;;;;;;;;;
;31;;;;;;;;;
;29;;;;;;;;;
;29;;;;;;;;;
;39;;;;;;;;;
;25;;;;;;;;;
;21;;;;;;;;;
;35;;;;;;;;;
;33;;;;;;;;;
;21;;;;;;;;;
;33;;;;;;;;;
;33;;;;;;;;;
;31;;;;;;;;;
;35;;;;;;;;;
;25;;;;;;;;;
;19;;;;;;;;;
;27;;;;;;;;;
;41;;;;;;;;;
;27;;;;;;;;;
;31;;;;;;;;;
;39;;;;;;;;;
;27;;;;;;;;;
;49;;;;;;;;;
;21;;;;;;;;;
;31;;;;;;;;;
;31;;;;;;;;;
;39;;;;;;;;;
;31;;;;;;;;;
;35;;;;;;;;;
;25;;;;;;;;;
;27;;;;;;;;;
;41;;;;;;;;;
;27;;;;;;;;;
;31;;;;;;;;;
;37;;;;;;;;;
;41;;;;;;;;;
;31;;;;;;;;;
;31;;;;;;;;;
;49;;;;;;;;;
;31;;;;;;;;;
;31;;;;;;;;;
;41;;;;;;;;;
;33;;;;;;;;;
;21;;;;;;;;;
;39;;;;;;;;;
;35;;;;;;;;;
;33;;;;;;;;;
;47;;;;;;;;;
;35;;;;;;;;;
;23;;;;;;;;;
;29;;;;;;;;;
;33;;;;;;;;;
;29;;;;;;;;;
;35;;;;;;;;;
;17;;;;;;;;;
;27;;;;;;;;;
;45;;;;;;;;;
;39;;;;;;;;;
;37;;;;;;;;;
;13;;;;;;;;;
;21;;;;;;;;;
;27;;;;;;;;;
;29;;;;;;;;;
;23;;;;;;;;;
;43;;;;;;;;;
;33;;;;;;;;;
;23;;;;;;;;;
;31;;;;;;;;;
;23;;;;;;;;;
;25;;;;;;;;;
;39;;;;;;;;;
;27;;;;;;;;;
;23;;;;;;;;;
;25;;;;;;;;;
;35;;;;;;;;;
;25;;;;;;;;;
;39;;;;;;;;;
;39;;;;;;;;;
;39;;;;;;;;;
;23;;;;;;;;;
;31;;;;;;;;;
;59;;;;;;;;;
;29;;;;;;;;;
;29;;;;;;;;;
;19;;;;;;;;;
;23;;;;;;;;;
;33;;;;;;;;;
;21;;;;;;;;;
;25;;;;;;;;;
;23;;;;;;;;;
;41;;;;;;;;;
;33;;;;;;;;;
;33;;;;;;;;;
;25;;;;;;;;;
;25;;;;;;;;;
;29;;;;;;;;;
;41;;;;;;;;;
;35;;;;;;;;;
;21;;;;;;;;;
;33;;;;;;;;;
;29;;;;;;;;;
;41;;;;;;;;;
;29;;;;;;;;;
;39;;;;;;;;;
;31;;;;;;;;;
;47;;;;;;;;;
;27;;;;;;;;;
;27;;;;;;;;;
;27;;;;;;;;;
;33;;;;;;;;;
;35;;;;;;;;;
;33;;;;;;;;;
;37;;;;;;;;;
;37;;;;;;;;;
;27;;;;;;;;;
;33;;;;;;;;;
;23;;;;;;;;;
;17;;;;;;;;;
;29;;;;;;;;;
;19;;;;;;;;;
;27;;;;;;;;;
;31;;;;;;;;;
;29;;;;;;;;;
;33;;;;;;;;;
;25;;;;;;;;;
;35;;;;;;;;;
;33;;;;;;;;;
;31;;;;;;;;;
;37;;;;;;;;;
